Time(HH:MM:SS),Time(ms),Level,Message,Logger Name,Thread ID
2025-02-11 14:38:40,965,INFO,Program Started,root,8363511616
2025-02-11 14:38:42,413,DEBUG,matplotlib data path: /opt/homebrew/Caskroom/miniforge/base/envs/moscow/lib/python3.11/site-packages/matplotlib/mpl-data,matplotlib,8363511616
2025-02-11 14:38:42,415,DEBUG,CONFIGDIR=/Users/kadenstillwagon/.matplotlib,matplotlib,8363511616
2025-02-11 14:38:42,416,DEBUG,interactive is False,matplotlib,8363511616
2025-02-11 14:38:42,416,DEBUG,platform is darwin,matplotlib,8363511616
2025-02-11 14:38:42,465,DEBUG,CACHEDIR=/Users/kadenstillwagon/.matplotlib,matplotlib,8363511616
2025-02-11 14:38:42,466,DEBUG,Using fontManager instance from /Users/kadenstillwagon/.matplotlib/fontlist-v330.json,matplotlib.font_manager,8363511616
2025-02-11 14:38:42,673,DEBUG,Setting JobRuntime:name=UNKNOWN_NAME,hydra.core.utils,8363511616
2025-02-11 14:38:42,674,DEBUG,Setting JobRuntime:name=app,hydra.core.utils,8363511616
2025-02-11 14:38:45,123,INFO,PatchConfig initialized successfully.,root,8363511616
2025-02-11 14:38:45,189,DEBUG,Creating converter from 7 to 5,h5py._conv,8363511616
2025-02-11 14:38:45,189,DEBUG,Creating converter from 5 to 7,h5py._conv,8363511616
2025-02-11 14:38:45,189,DEBUG,Creating converter from 7 to 5,h5py._conv,8363511616
2025-02-11 14:38:45,189,DEBUG,Creating converter from 5 to 7,h5py._conv,8363511616
2025-02-11 14:38:45,251,INFO,Initializing SAM2 CellSegmentor...,root,8363511616
2025-02-11 14:38:45,549,INFO,Loaded checkpoint sucessfully,root,8363511616
2025-02-11 14:38:45,802,DEBUG,STREAM b'IHDR' 16 13,PIL.PngImagePlugin,8363511616
2025-02-11 14:38:45,802,DEBUG,STREAM b'sRGB' 41 1,PIL.PngImagePlugin,8363511616
2025-02-11 14:38:45,802,DEBUG,STREAM b'pHYs' 54 9,PIL.PngImagePlugin,8363511616
2025-02-11 14:38:45,802,DEBUG,STREAM b'IDAT' 75 21949,PIL.PngImagePlugin,8363511616
2025-02-11 14:38:46,706,INFO,FileLogger initialized. Folder path set to: experiments/Data/rig_recorder_data/2025_02_11-14_38/,root,8363511616
2025-02-11 14:38:46,706,INFO,FileLogger initialized. Folder path set to: experiments/Data/rig_recorder_data/2025_02_11-14_38/,root,8363511616
2025-02-11 14:38:46,715,DEBUG,Adding config GUI for Calibration,root,8363511616
2025-02-11 14:38:46,715,DEBUG,Adding config GUI for Calibration,root,8363511616
2025-02-11 14:38:46,718,WARNING,Use method 'params' via param namespace ,param.CalibrationConfig,8363511616
2025-02-11 14:38:46,718,WARNING,Use method 'params' via param namespace ,param.CalibrationConfig,8363511616
2025-02-11 14:38:46,722,DEBUG,Config GUI added,root,8363511616
2025-02-11 14:38:46,722,DEBUG,Config GUI added,root,8363511616
2025-02-11 14:38:46,722,DEBUG,Adding config GUI for Patch,root,8363511616
2025-02-11 14:38:46,722,DEBUG,Adding config GUI for Patch,root,8363511616
2025-02-11 14:38:46,722,WARNING,Use method 'params' via param namespace ,param.PatchConfig,8363511616
2025-02-11 14:38:46,722,WARNING,Use method 'params' via param namespace ,param.PatchConfig,8363511616
2025-02-11 14:38:46,725,DEBUG,Config GUI added,root,8363511616
2025-02-11 14:38:46,725,DEBUG,Config GUI added,root,8363511616
2025-02-11 14:38:46,725,DEBUG,Added config GUI.,root,8363511616
2025-02-11 14:38:46,725,DEBUG,Added config GUI.,root,8363511616
2025-02-11 14:38:46,725,DEBUG,Added 'Auto Patching' tab.,root,8363511616
2025-02-11 14:38:46,725,DEBUG,Added 'Auto Patching' tab.,root,8363511616
2025-02-11 14:38:46,725,INFO,FileLogger initialized. Folder path set to: experiments/Data/rig_recorder_data/2025_02_11-14_38/,root,8363511616
2025-02-11 14:38:46,725,INFO,FileLogger initialized. Folder path set to: experiments/Data/rig_recorder_data/2025_02_11-14_38/,root,8363511616
2025-02-11 14:38:46,729,DEBUG,Pressure set to: 45,holypipette.devices.pressurecontroller.BasePressureController.FakePressureController,8363511616
2025-02-11 14:38:46,729,DEBUG,Pressure set to: 45,holypipette.devices.pressurecontroller.BasePressureController.FakePressureController,8363511616
2025-02-11 14:38:46,803,INFO,FileLogger initialized. Folder path set to: experiments/Data/rig_recorder_data/2025_02_11-14_38/,root,8363511616
2025-02-11 14:38:46,803,INFO,FileLogger initialized. Folder path set to: experiments/Data/rig_recorder_data/2025_02_11-14_38/,root,8363511616
2025-02-11 14:40:39,641,DEBUG,z position of the microscope: 1425000.0,holypipette.interface.patch.AutoPatchInterface,14055862272
2025-02-11 14:40:39,641,DEBUG,z position of the microscope: 1425000.0,holypipette.interface.patch.AutoPatchInterface,14055862272
2025-02-11 14:42:15,445,DEBUG,z position of the microscope: 1425000.0,holypipette.interface.patch.AutoPatchInterface,14055862272
2025-02-11 14:42:15,445,DEBUG,z position of the microscope: 1425000.0,holypipette.interface.patch.AutoPatchInterface,14055862272
2025-02-11 14:42:36,389,DEBUG,z position of the microscope: 1425000.0,holypipette.interface.patch.AutoPatchInterface,14055862272
2025-02-11 14:42:36,389,DEBUG,z position of the microscope: 1425000.0,holypipette.interface.patch.AutoPatchInterface,14055862272
2025-02-11 14:42:55,192,INFO,Executing command: <bound method AutoPatchInterface.move_group_down of <holypipette.interface.patch.AutoPatchInterface object at 0x33a6213f0>>,root,8363511616
2025-02-11 14:42:55,192,INFO,Executing command: <bound method AutoPatchInterface.move_group_down of <holypipette.interface.patch.AutoPatchInterface object at 0x33a6213f0>>,root,8363511616
2025-02-11 14:43:01,160,INFO,Executing command: <bound method AutoPatchInterface.clean_pipette of <holypipette.interface.patch.AutoPatchInterface object at 0x33a6213f0>>,root,8363511616
2025-02-11 14:43:01,160,INFO,Executing command: <bound method AutoPatchInterface.clean_pipette of <holypipette.interface.patch.AutoPatchInterface object at 0x33a6213f0>>,root,8363511616
2025-02-11 14:43:01,161,ERROR,"Task ""clean_pipette"" failed",holypipette.interface.patch.AutoPatchInterface,"14055862272
Traceback (most recent call last):
  File ""/Users/kadenstillwagon/holypipette-pbl/holypipette-pbl/holypipette/interface/base.py""", line 231," in _execute_single_task
    func()
  File ""/Users/kadenstillwagon/holypipette-pbl/holypipette-pbl/holypipette/controller/patch.py""", line 516," in clean_pipette
    raise ValueError('Cleaning bath position has not been set')
ValueError: Cleaning bath position has not been set"
2025-02-11 14:43:01,161,ERROR,"Task ""clean_pipette"" failed",holypipette.interface.patch.AutoPatchInterface,"14055862272
Traceback (most recent call last):
  File ""/Users/kadenstillwagon/holypipette-pbl/holypipette-pbl/holypipette/interface/base.py""", line 231," in _execute_single_task
    func()
  File ""/Users/kadenstillwagon/holypipette-pbl/holypipette-pbl/holypipette/controller/patch.py""", line 516," in clean_pipette
    raise ValueError('Cleaning bath position has not been set')
ValueError: Cleaning bath position has not been set"
2025-02-11 20:28:39,648,INFO,Program Started,root,8363511616
2025-02-11 20:28:40,728,DEBUG,matplotlib data path: /opt/homebrew/Caskroom/miniforge/base/envs/moscow/lib/python3.11/site-packages/matplotlib/mpl-data,matplotlib,8363511616
2025-02-11 20:28:40,732,DEBUG,CONFIGDIR=/Users/kadenstillwagon/.matplotlib,matplotlib,8363511616
2025-02-11 20:28:40,732,DEBUG,interactive is False,matplotlib,8363511616
2025-02-11 20:28:40,732,DEBUG,platform is darwin,matplotlib,8363511616
2025-02-11 20:28:40,780,DEBUG,CACHEDIR=/Users/kadenstillwagon/.matplotlib,matplotlib,8363511616
2025-02-11 20:28:40,782,DEBUG,Using fontManager instance from /Users/kadenstillwagon/.matplotlib/fontlist-v330.json,matplotlib.font_manager,8363511616
2025-02-11 20:28:40,974,DEBUG,Setting JobRuntime:name=UNKNOWN_NAME,hydra.core.utils,8363511616
2025-02-11 20:28:40,974,DEBUG,Setting JobRuntime:name=app,hydra.core.utils,8363511616
2025-02-11 20:28:42,447,INFO,PatchConfig initialized successfully.,root,8363511616
2025-02-11 20:28:42,541,DEBUG,Creating converter from 7 to 5,h5py._conv,8363511616
2025-02-11 20:28:42,542,DEBUG,Creating converter from 5 to 7,h5py._conv,8363511616
2025-02-11 20:28:42,542,DEBUG,Creating converter from 7 to 5,h5py._conv,8363511616
2025-02-11 20:28:42,542,DEBUG,Creating converter from 5 to 7,h5py._conv,8363511616
2025-02-11 20:28:42,659,INFO,Initializing SAM2 CellSegmentor...,root,8363511616
2025-02-11 20:28:42,942,INFO,Loaded checkpoint sucessfully,root,8363511616
2025-02-11 20:28:43,149,DEBUG,STREAM b'IHDR' 16 13,PIL.PngImagePlugin,8363511616
2025-02-11 20:28:43,149,DEBUG,STREAM b'sRGB' 41 1,PIL.PngImagePlugin,8363511616
2025-02-11 20:28:43,149,DEBUG,STREAM b'pHYs' 54 9,PIL.PngImagePlugin,8363511616
2025-02-11 20:28:43,150,DEBUG,STREAM b'IDAT' 75 21949,PIL.PngImagePlugin,8363511616
2025-02-11 20:28:43,947,INFO,FileLogger initialized. Folder path set to: experiments/Data/rig_recorder_data/2025_02_11-20_28/,root,8363511616
2025-02-11 20:28:43,947,INFO,FileLogger initialized. Folder path set to: experiments/Data/rig_recorder_data/2025_02_11-20_28/,root,8363511616
2025-02-11 20:28:43,949,DEBUG,Adding config GUI for Calibration,root,8363511616
2025-02-11 20:28:43,949,DEBUG,Adding config GUI for Calibration,root,8363511616
2025-02-11 20:28:43,949,WARNING,Use method 'params' via param namespace ,param.CalibrationConfig,8363511616
2025-02-11 20:28:43,949,WARNING,Use method 'params' via param namespace ,param.CalibrationConfig,8363511616
2025-02-11 20:28:43,951,DEBUG,Config GUI added,root,8363511616
2025-02-11 20:28:43,951,DEBUG,Config GUI added,root,8363511616
2025-02-11 20:28:43,951,DEBUG,Adding config GUI for Patch,root,8363511616
2025-02-11 20:28:43,951,DEBUG,Adding config GUI for Patch,root,8363511616
2025-02-11 20:28:43,951,WARNING,Use method 'params' via param namespace ,param.PatchConfig,8363511616
2025-02-11 20:28:43,951,WARNING,Use method 'params' via param namespace ,param.PatchConfig,8363511616
2025-02-11 20:28:43,954,DEBUG,Config GUI added,root,8363511616
2025-02-11 20:28:43,954,DEBUG,Config GUI added,root,8363511616
2025-02-11 20:28:43,954,DEBUG,Added config GUI.,root,8363511616
2025-02-11 20:28:43,954,DEBUG,Added config GUI.,root,8363511616
2025-02-11 20:28:43,954,DEBUG,Added 'Auto Patching' tab.,root,8363511616
2025-02-11 20:28:43,954,DEBUG,Added 'Auto Patching' tab.,root,8363511616
2025-02-11 20:28:43,954,INFO,FileLogger initialized. Folder path set to: experiments/Data/rig_recorder_data/2025_02_11-20_28/,root,8363511616
2025-02-11 20:28:43,954,INFO,FileLogger initialized. Folder path set to: experiments/Data/rig_recorder_data/2025_02_11-20_28/,root,8363511616
2025-02-11 20:28:43,958,DEBUG,Pressure set to: 45,holypipette.devices.pressurecontroller.BasePressureController.FakePressureController,8363511616
2025-02-11 20:28:43,958,DEBUG,Pressure set to: 45,holypipette.devices.pressurecontroller.BasePressureController.FakePressureController,8363511616
2025-02-11 20:28:44,013,INFO,FileLogger initialized. Folder path set to: experiments/Data/rig_recorder_data/2025_02_11-20_28/,root,8363511616
2025-02-11 20:28:44,013,INFO,FileLogger initialized. Folder path set to: experiments/Data/rig_recorder_data/2025_02_11-20_28/,root,8363511616
2025-02-11 20:28:46,345,DEBUG,z position of the microscope: 1425000.0,holypipette.interface.patch.AutoPatchInterface,14085992448
2025-02-11 20:28:46,345,DEBUG,z position of the microscope: 1425000.0,holypipette.interface.patch.AutoPatchInterface,14085992448
2025-02-11 20:29:20,310,INFO,Executing command: <bound method AutoPatchInterface.move_group_down of <holypipette.interface.patch.AutoPatchInterface object at 0x3336093f0>>,root,8363511616
2025-02-11 20:29:20,310,INFO,Executing command: <bound method AutoPatchInterface.move_group_down of <holypipette.interface.patch.AutoPatchInterface object at 0x3336093f0>>,root,8363511616
2025-02-11 20:32:36,544,INFO,closing GUI,root,8363511616
2025-02-11 20:32:36,544,INFO,closing GUI,root,8363511616
2025-02-11 20:32:38,166,ERROR,Uncaught exception,root,"8363511616
Traceback (most recent call last):
  File ""/Users/kadenstillwagon/holypipette-pbl/holypipette-pbl/holypipette/gui/graph.py""", line 448," in closeEvent
    self.recorder.close()
  File ""/Users/kadenstillwagon/holypipette-pbl/holypipette-pbl/holypipette/utils/FileLogger.py""", line 169," in close
    self.write_frame.wait()
    ^^^^^^^^^^^^^^^^^^^^^
AttributeError: 'NoneType' object has no attribute 'wait'"
2025-02-11 20:32:38,166,ERROR,Uncaught exception,root,"8363511616
Traceback (most recent call last):
  File ""/Users/kadenstillwagon/holypipette-pbl/holypipette-pbl/holypipette/gui/graph.py""", line 448," in closeEvent
    self.recorder.close()
  File ""/Users/kadenstillwagon/holypipette-pbl/holypipette-pbl/holypipette/utils/FileLogger.py""", line 169," in close
    self.write_frame.wait()
    ^^^^^^^^^^^^^^^^^^^^^
AttributeError: 'NoneType' object has no attribute 'wait'"
2025-02-11 20:32:40,725,INFO,Program Started,root,8363511616
2025-02-11 20:32:41,549,DEBUG,matplotlib data path: /opt/homebrew/Caskroom/miniforge/base/envs/moscow/lib/python3.11/site-packages/matplotlib/mpl-data,matplotlib,8363511616
2025-02-11 20:32:41,552,DEBUG,CONFIGDIR=/Users/kadenstillwagon/.matplotlib,matplotlib,8363511616
2025-02-11 20:32:41,552,DEBUG,interactive is False,matplotlib,8363511616
2025-02-11 20:32:41,552,DEBUG,platform is darwin,matplotlib,8363511616
2025-02-11 20:32:41,600,DEBUG,CACHEDIR=/Users/kadenstillwagon/.matplotlib,matplotlib,8363511616
2025-02-11 20:32:41,601,DEBUG,Using fontManager instance from /Users/kadenstillwagon/.matplotlib/fontlist-v330.json,matplotlib.font_manager,8363511616
2025-02-11 20:32:41,755,DEBUG,Setting JobRuntime:name=UNKNOWN_NAME,hydra.core.utils,8363511616
2025-02-11 20:32:41,755,DEBUG,Setting JobRuntime:name=app,hydra.core.utils,8363511616
2025-02-11 20:32:43,007,INFO,PatchConfig initialized successfully.,root,8363511616
2025-02-11 20:32:43,073,DEBUG,Creating converter from 7 to 5,h5py._conv,8363511616
2025-02-11 20:32:43,073,DEBUG,Creating converter from 5 to 7,h5py._conv,8363511616
2025-02-11 20:32:43,073,DEBUG,Creating converter from 7 to 5,h5py._conv,8363511616
2025-02-11 20:32:43,073,DEBUG,Creating converter from 5 to 7,h5py._conv,8363511616
2025-02-11 20:32:43,126,INFO,Initializing SAM2 CellSegmentor...,root,8363511616
2025-02-11 20:32:43,381,INFO,Loaded checkpoint sucessfully,root,8363511616
2025-02-11 20:32:43,583,DEBUG,STREAM b'IHDR' 16 13,PIL.PngImagePlugin,8363511616
2025-02-11 20:32:43,583,DEBUG,STREAM b'sRGB' 41 1,PIL.PngImagePlugin,8363511616
2025-02-11 20:32:43,583,DEBUG,STREAM b'pHYs' 54 9,PIL.PngImagePlugin,8363511616
2025-02-11 20:32:43,583,DEBUG,STREAM b'IDAT' 75 21949,PIL.PngImagePlugin,8363511616
2025-02-11 20:32:44,289,INFO,FileLogger initialized. Folder path set to: experiments/Data/rig_recorder_data/2025_02_11-20_32/,root,8363511616
2025-02-11 20:32:44,289,INFO,FileLogger initialized. Folder path set to: experiments/Data/rig_recorder_data/2025_02_11-20_32/,root,8363511616
2025-02-11 20:32:44,295,DEBUG,Adding config GUI for Calibration,root,8363511616
2025-02-11 20:32:44,295,DEBUG,Adding config GUI for Calibration,root,8363511616
2025-02-11 20:32:44,295,WARNING,Use method 'params' via param namespace ,param.CalibrationConfig,8363511616
2025-02-11 20:32:44,295,WARNING,Use method 'params' via param namespace ,param.CalibrationConfig,8363511616
2025-02-11 20:32:44,296,DEBUG,Config GUI added,root,8363511616
2025-02-11 20:32:44,296,DEBUG,Config GUI added,root,8363511616
2025-02-11 20:32:44,296,DEBUG,Adding config GUI for Patch,root,8363511616
2025-02-11 20:32:44,296,DEBUG,Adding config GUI for Patch,root,8363511616
2025-02-11 20:32:44,296,WARNING,Use method 'params' via param namespace ,param.PatchConfig,8363511616
2025-02-11 20:32:44,296,WARNING,Use method 'params' via param namespace ,param.PatchConfig,8363511616
2025-02-11 20:32:44,299,DEBUG,Config GUI added,root,8363511616
2025-02-11 20:32:44,299,DEBUG,Config GUI added,root,8363511616
2025-02-11 20:32:44,299,DEBUG,Added config GUI.,root,8363511616
2025-02-11 20:32:44,299,DEBUG,Added config GUI.,root,8363511616
2025-02-11 20:32:44,299,DEBUG,Added 'Auto Patching' tab.,root,8363511616
2025-02-11 20:32:44,299,DEBUG,Added 'Auto Patching' tab.,root,8363511616
2025-02-11 20:32:44,299,INFO,FileLogger initialized. Folder path set to: experiments/Data/rig_recorder_data/2025_02_11-20_32/,root,8363511616
2025-02-11 20:32:44,299,INFO,FileLogger initialized. Folder path set to: experiments/Data/rig_recorder_data/2025_02_11-20_32/,root,8363511616
2025-02-11 20:32:44,303,DEBUG,Pressure set to: 45,holypipette.devices.pressurecontroller.BasePressureController.FakePressureController,8363511616
2025-02-11 20:32:44,303,DEBUG,Pressure set to: 45,holypipette.devices.pressurecontroller.BasePressureController.FakePressureController,8363511616
2025-02-11 20:32:44,355,INFO,FileLogger initialized. Folder path set to: experiments/Data/rig_recorder_data/2025_02_11-20_32/,root,8363511616
2025-02-11 20:32:44,355,INFO,FileLogger initialized. Folder path set to: experiments/Data/rig_recorder_data/2025_02_11-20_32/,root,8363511616
2025-02-11 20:32:45,627,DEBUG,z position of the microscope: 1425000.0,holypipette.interface.patch.AutoPatchInterface,14059581440
2025-02-11 20:32:45,627,DEBUG,z position of the microscope: 1425000.0,holypipette.interface.patch.AutoPatchInterface,14059581440
2025-02-11 20:33:12,492,INFO,Executing command: <bound method AutoPatchInterface.move_group_down of <holypipette.interface.patch.AutoPatchInterface object at 0x339c7d2d0>>,root,8363511616
2025-02-11 20:33:12,492,INFO,Executing command: <bound method AutoPatchInterface.move_group_down of <holypipette.interface.patch.AutoPatchInterface object at 0x339c7d2d0>>,root,8363511616
2025-02-11 20:33:21,320,INFO,Executing command: <bound method AutoPatchInterface.move_group_up of <holypipette.interface.patch.AutoPatchInterface object at 0x339c7d2d0>>,root,8363511616
2025-02-11 20:33:21,320,INFO,Executing command: <bound method AutoPatchInterface.move_group_up of <holypipette.interface.patch.AutoPatchInterface object at 0x339c7d2d0>>,root,8363511616
2025-02-11 20:33:23,219,INFO,Executing command: <bound method AutoPatchInterface.move_group_up of <holypipette.interface.patch.AutoPatchInterface object at 0x339c7d2d0>>,root,8363511616
2025-02-11 20:33:23,219,INFO,Executing command: <bound method AutoPatchInterface.move_group_up of <holypipette.interface.patch.AutoPatchInterface object at 0x339c7d2d0>>,root,8363511616
2025-02-11 20:33:24,584,INFO,Executing command: <bound method AutoPatchInterface.move_group_down of <holypipette.interface.patch.AutoPatchInterface object at 0x339c7d2d0>>,root,8363511616
2025-02-11 20:33:24,584,INFO,Executing command: <bound method AutoPatchInterface.move_group_down of <holypipette.interface.patch.AutoPatchInterface object at 0x339c7d2d0>>,root,8363511616
2025-02-11 20:33:25,546,INFO,Executing command: <bound method AutoPatchInterface.move_group_down of <holypipette.interface.patch.AutoPatchInterface object at 0x339c7d2d0>>,root,8363511616
2025-02-11 20:33:25,546,INFO,Executing command: <bound method AutoPatchInterface.move_group_down of <holypipette.interface.patch.AutoPatchInterface object at 0x339c7d2d0>>,root,8363511616
2025-02-11 20:33:26,415,INFO,Executing command: <bound method AutoPatchInterface.move_group_down of <holypipette.interface.patch.AutoPatchInterface object at 0x339c7d2d0>>,root,8363511616
2025-02-11 20:33:26,415,INFO,Executing command: <bound method AutoPatchInterface.move_group_down of <holypipette.interface.patch.AutoPatchInterface object at 0x339c7d2d0>>,root,8363511616
2025-02-11 20:33:28,521,INFO,Executing command: <bound method AutoPatchInterface.move_group_down of <holypipette.interface.patch.AutoPatchInterface object at 0x339c7d2d0>>,root,8363511616
2025-02-11 20:33:28,521,INFO,Executing command: <bound method AutoPatchInterface.move_group_down of <holypipette.interface.patch.AutoPatchInterface object at 0x339c7d2d0>>,root,8363511616
2025-02-11 20:33:31,348,INFO,Executing command: <bound method AutoPatchInterface.move_group_up of <holypipette.interface.patch.AutoPatchInterface object at 0x339c7d2d0>>,root,8363511616
2025-02-11 20:33:31,348,INFO,Executing command: <bound method AutoPatchInterface.move_group_up of <holypipette.interface.patch.AutoPatchInterface object at 0x339c7d2d0>>,root,8363511616
2025-02-11 20:38:17,927,INFO,closing GUI,root,8363511616
2025-02-11 20:38:17,927,INFO,closing GUI,root,8363511616
2025-02-11 20:38:19,249,ERROR,Uncaught exception,root,"8363511616
Traceback (most recent call last):
  File ""/Users/kadenstillwagon/holypipette-pbl/holypipette-pbl/holypipette/gui/graph.py""", line 448," in closeEvent
    self.recorder.close()
  File ""/Users/kadenstillwagon/holypipette-pbl/holypipette-pbl/holypipette/utils/FileLogger.py""", line 169," in close
    self.write_frame.wait()
    ^^^^^^^^^^^^^^^^^^^^^
AttributeError: 'NoneType' object has no attribute 'wait'"
2025-02-11 20:38:19,249,ERROR,Uncaught exception,root,"8363511616
Traceback (most recent call last):
  File ""/Users/kadenstillwagon/holypipette-pbl/holypipette-pbl/holypipette/gui/graph.py""", line 448," in closeEvent
    self.recorder.close()
  File ""/Users/kadenstillwagon/holypipette-pbl/holypipette-pbl/holypipette/utils/FileLogger.py""", line 169," in close
    self.write_frame.wait()
    ^^^^^^^^^^^^^^^^^^^^^
AttributeError: 'NoneType' object has no attribute 'wait'"
2025-02-11 20:38:25,119,INFO,Program Started,root,8363511616
2025-02-11 20:38:25,933,DEBUG,matplotlib data path: /opt/homebrew/Caskroom/miniforge/base/envs/moscow/lib/python3.11/site-packages/matplotlib/mpl-data,matplotlib,8363511616
2025-02-11 20:38:25,935,DEBUG,CONFIGDIR=/Users/kadenstillwagon/.matplotlib,matplotlib,8363511616
2025-02-11 20:38:25,936,DEBUG,interactive is False,matplotlib,8363511616
2025-02-11 20:38:25,936,DEBUG,platform is darwin,matplotlib,8363511616
2025-02-11 20:38:25,982,DEBUG,CACHEDIR=/Users/kadenstillwagon/.matplotlib,matplotlib,8363511616
2025-02-11 20:38:25,983,DEBUG,Using fontManager instance from /Users/kadenstillwagon/.matplotlib/fontlist-v330.json,matplotlib.font_manager,8363511616
2025-02-11 20:38:26,133,DEBUG,Setting JobRuntime:name=UNKNOWN_NAME,hydra.core.utils,8363511616
2025-02-11 20:38:26,133,DEBUG,Setting JobRuntime:name=app,hydra.core.utils,8363511616
2025-02-11 20:38:27,261,INFO,PatchConfig initialized successfully.,root,8363511616
2025-02-11 20:38:27,330,DEBUG,Creating converter from 7 to 5,h5py._conv,8363511616
2025-02-11 20:38:27,330,DEBUG,Creating converter from 5 to 7,h5py._conv,8363511616
2025-02-11 20:38:27,330,DEBUG,Creating converter from 7 to 5,h5py._conv,8363511616
2025-02-11 20:38:27,330,DEBUG,Creating converter from 5 to 7,h5py._conv,8363511616
2025-02-11 20:38:27,385,INFO,Initializing SAM2 CellSegmentor...,root,8363511616
2025-02-11 20:38:27,647,INFO,Loaded checkpoint sucessfully,root,8363511616
2025-02-11 20:38:27,865,DEBUG,STREAM b'IHDR' 16 13,PIL.PngImagePlugin,8363511616
2025-02-11 20:38:27,865,DEBUG,STREAM b'sRGB' 41 1,PIL.PngImagePlugin,8363511616
2025-02-11 20:38:27,866,DEBUG,STREAM b'pHYs' 54 9,PIL.PngImagePlugin,8363511616
2025-02-11 20:38:27,866,DEBUG,STREAM b'IDAT' 75 21949,PIL.PngImagePlugin,8363511616
2025-02-11 20:38:28,649,INFO,FileLogger initialized. Folder path set to: experiments/Data/rig_recorder_data/2025_02_11-20_38/,root,8363511616
2025-02-11 20:38:28,649,INFO,FileLogger initialized. Folder path set to: experiments/Data/rig_recorder_data/2025_02_11-20_38/,root,8363511616
2025-02-11 20:38:28,654,DEBUG,Adding config GUI for Calibration,root,8363511616
2025-02-11 20:38:28,654,DEBUG,Adding config GUI for Calibration,root,8363511616
2025-02-11 20:38:28,654,WARNING,Use method 'params' via param namespace ,param.CalibrationConfig,8363511616
2025-02-11 20:38:28,654,WARNING,Use method 'params' via param namespace ,param.CalibrationConfig,8363511616
2025-02-11 20:38:28,656,DEBUG,Config GUI added,root,8363511616
2025-02-11 20:38:28,656,DEBUG,Config GUI added,root,8363511616
2025-02-11 20:38:28,656,DEBUG,Adding config GUI for Patch,root,8363511616
2025-02-11 20:38:28,656,DEBUG,Adding config GUI for Patch,root,8363511616
2025-02-11 20:38:28,656,WARNING,Use method 'params' via param namespace ,param.PatchConfig,8363511616
2025-02-11 20:38:28,656,WARNING,Use method 'params' via param namespace ,param.PatchConfig,8363511616
2025-02-11 20:38:28,658,DEBUG,Config GUI added,root,8363511616
2025-02-11 20:38:28,658,DEBUG,Config GUI added,root,8363511616
2025-02-11 20:38:28,658,DEBUG,Added config GUI.,root,8363511616
2025-02-11 20:38:28,658,DEBUG,Added config GUI.,root,8363511616
2025-02-11 20:38:28,659,DEBUG,Added 'Auto Patching' tab.,root,8363511616
2025-02-11 20:38:28,659,DEBUG,Added 'Auto Patching' tab.,root,8363511616
2025-02-11 20:38:28,659,INFO,FileLogger initialized. Folder path set to: experiments/Data/rig_recorder_data/2025_02_11-20_38/,root,8363511616
2025-02-11 20:38:28,659,INFO,FileLogger initialized. Folder path set to: experiments/Data/rig_recorder_data/2025_02_11-20_38/,root,8363511616
2025-02-11 20:38:28,662,DEBUG,Pressure set to: 45,holypipette.devices.pressurecontroller.BasePressureController.FakePressureController,8363511616
2025-02-11 20:38:28,662,DEBUG,Pressure set to: 45,holypipette.devices.pressurecontroller.BasePressureController.FakePressureController,8363511616
2025-02-11 20:38:28,719,INFO,FileLogger initialized. Folder path set to: experiments/Data/rig_recorder_data/2025_02_11-20_38/,root,8363511616
2025-02-11 20:38:28,719,INFO,FileLogger initialized. Folder path set to: experiments/Data/rig_recorder_data/2025_02_11-20_38/,root,8363511616
2025-02-11 20:38:54,404,INFO,Program Started,root,8363511616
2025-02-11 20:38:55,225,DEBUG,matplotlib data path: /opt/homebrew/Caskroom/miniforge/base/envs/moscow/lib/python3.11/site-packages/matplotlib/mpl-data,matplotlib,8363511616
2025-02-11 20:38:55,227,DEBUG,CONFIGDIR=/Users/kadenstillwagon/.matplotlib,matplotlib,8363511616
2025-02-11 20:38:55,227,DEBUG,interactive is False,matplotlib,8363511616
2025-02-11 20:38:55,227,DEBUG,platform is darwin,matplotlib,8363511616
2025-02-11 20:38:55,273,DEBUG,CACHEDIR=/Users/kadenstillwagon/.matplotlib,matplotlib,8363511616
2025-02-11 20:38:55,274,DEBUG,Using fontManager instance from /Users/kadenstillwagon/.matplotlib/fontlist-v330.json,matplotlib.font_manager,8363511616
2025-02-11 20:38:55,431,DEBUG,Setting JobRuntime:name=UNKNOWN_NAME,hydra.core.utils,8363511616
2025-02-11 20:38:55,431,DEBUG,Setting JobRuntime:name=app,hydra.core.utils,8363511616
2025-02-11 20:38:56,542,INFO,PatchConfig initialized successfully.,root,8363511616
2025-02-11 20:38:56,602,DEBUG,Creating converter from 7 to 5,h5py._conv,8363511616
2025-02-11 20:38:56,603,DEBUG,Creating converter from 5 to 7,h5py._conv,8363511616
2025-02-11 20:38:56,603,DEBUG,Creating converter from 7 to 5,h5py._conv,8363511616
2025-02-11 20:38:56,603,DEBUG,Creating converter from 5 to 7,h5py._conv,8363511616
2025-02-11 20:38:56,653,INFO,Initializing SAM2 CellSegmentor...,root,8363511616
2025-02-11 20:38:56,907,INFO,Loaded checkpoint sucessfully,root,8363511616
2025-02-11 20:38:57,115,DEBUG,STREAM b'IHDR' 16 13,PIL.PngImagePlugin,8363511616
2025-02-11 20:38:57,115,DEBUG,STREAM b'sRGB' 41 1,PIL.PngImagePlugin,8363511616
2025-02-11 20:38:57,115,DEBUG,STREAM b'pHYs' 54 9,PIL.PngImagePlugin,8363511616
2025-02-11 20:38:57,115,DEBUG,STREAM b'IDAT' 75 21949,PIL.PngImagePlugin,8363511616
2025-02-11 20:38:57,878,INFO,FileLogger initialized. Folder path set to: experiments/Data/rig_recorder_data/2025_02_11-20_38/,root,8363511616
2025-02-11 20:38:57,878,INFO,FileLogger initialized. Folder path set to: experiments/Data/rig_recorder_data/2025_02_11-20_38/,root,8363511616
2025-02-11 20:38:57,881,DEBUG,Adding config GUI for Calibration,root,8363511616
2025-02-11 20:38:57,881,DEBUG,Adding config GUI for Calibration,root,8363511616
2025-02-11 20:38:57,882,WARNING,Use method 'params' via param namespace ,param.CalibrationConfig,8363511616
2025-02-11 20:38:57,882,WARNING,Use method 'params' via param namespace ,param.CalibrationConfig,8363511616
2025-02-11 20:38:57,883,DEBUG,Config GUI added,root,8363511616
2025-02-11 20:38:57,883,DEBUG,Config GUI added,root,8363511616
2025-02-11 20:38:57,883,DEBUG,Adding config GUI for Patch,root,8363511616
2025-02-11 20:38:57,883,DEBUG,Adding config GUI for Patch,root,8363511616
2025-02-11 20:38:57,883,WARNING,Use method 'params' via param namespace ,param.PatchConfig,8363511616
2025-02-11 20:38:57,883,WARNING,Use method 'params' via param namespace ,param.PatchConfig,8363511616
2025-02-11 20:38:57,887,DEBUG,Config GUI added,root,8363511616
2025-02-11 20:38:57,887,DEBUG,Config GUI added,root,8363511616
2025-02-11 20:38:57,887,DEBUG,Added config GUI.,root,8363511616
2025-02-11 20:38:57,887,DEBUG,Added config GUI.,root,8363511616
2025-02-11 20:38:57,887,DEBUG,Added 'Auto Patching' tab.,root,8363511616
2025-02-11 20:38:57,887,DEBUG,Added 'Auto Patching' tab.,root,8363511616
2025-02-11 20:38:57,887,INFO,FileLogger initialized. Folder path set to: experiments/Data/rig_recorder_data/2025_02_11-20_38/,root,8363511616
2025-02-11 20:38:57,887,INFO,FileLogger initialized. Folder path set to: experiments/Data/rig_recorder_data/2025_02_11-20_38/,root,8363511616
2025-02-11 20:38:57,890,DEBUG,Pressure set to: 45,holypipette.devices.pressurecontroller.BasePressureController.FakePressureController,8363511616
2025-02-11 20:38:57,890,DEBUG,Pressure set to: 45,holypipette.devices.pressurecontroller.BasePressureController.FakePressureController,8363511616
2025-02-11 20:38:57,942,INFO,FileLogger initialized. Folder path set to: experiments/Data/rig_recorder_data/2025_02_11-20_38/,root,8363511616
2025-02-11 20:38:57,942,INFO,FileLogger initialized. Folder path set to: experiments/Data/rig_recorder_data/2025_02_11-20_38/,root,8363511616
2025-02-11 20:39:25,969,DEBUG,z position of the microscope: 1425000.0,holypipette.interface.patch.AutoPatchInterface,14135554048
2025-02-11 20:39:25,969,DEBUG,z position of the microscope: 1425000.0,holypipette.interface.patch.AutoPatchInterface,14135554048
2025-02-11 20:40:38,700,INFO,closing GUI,root,8363511616
2025-02-11 20:40:38,700,INFO,closing GUI,root,8363511616
2025-02-11 20:40:40,576,ERROR,Uncaught exception,root,"8363511616
Traceback (most recent call last):
  File ""/Users/kadenstillwagon/holypipette-pbl/holypipette-pbl/holypipette/gui/graph.py""", line 448," in closeEvent
    self.recorder.close()
  File ""/Users/kadenstillwagon/holypipette-pbl/holypipette-pbl/holypipette/utils/FileLogger.py""", line 169," in close
    self.write_frame.wait()
    ^^^^^^^^^^^^^^^^^^^^^
AttributeError: 'NoneType' object has no attribute 'wait'"
2025-02-11 20:40:40,576,ERROR,Uncaught exception,root,"8363511616
Traceback (most recent call last):
  File ""/Users/kadenstillwagon/holypipette-pbl/holypipette-pbl/holypipette/gui/graph.py""", line 448," in closeEvent
    self.recorder.close()
  File ""/Users/kadenstillwagon/holypipette-pbl/holypipette-pbl/holypipette/utils/FileLogger.py""", line 169," in close
    self.write_frame.wait()
    ^^^^^^^^^^^^^^^^^^^^^
AttributeError: 'NoneType' object has no attribute 'wait'"
2025-02-11 20:40:45,985,INFO,Program Started,root,8363511616
2025-02-11 20:40:46,838,DEBUG,matplotlib data path: /opt/homebrew/Caskroom/miniforge/base/envs/moscow/lib/python3.11/site-packages/matplotlib/mpl-data,matplotlib,8363511616
2025-02-11 20:40:46,840,DEBUG,CONFIGDIR=/Users/kadenstillwagon/.matplotlib,matplotlib,8363511616
2025-02-11 20:40:46,840,DEBUG,interactive is False,matplotlib,8363511616
2025-02-11 20:40:46,840,DEBUG,platform is darwin,matplotlib,8363511616
2025-02-11 20:40:46,885,DEBUG,CACHEDIR=/Users/kadenstillwagon/.matplotlib,matplotlib,8363511616
2025-02-11 20:40:46,886,DEBUG,Using fontManager instance from /Users/kadenstillwagon/.matplotlib/fontlist-v330.json,matplotlib.font_manager,8363511616
2025-02-11 20:40:47,037,DEBUG,Setting JobRuntime:name=UNKNOWN_NAME,hydra.core.utils,8363511616
2025-02-11 20:40:47,037,DEBUG,Setting JobRuntime:name=app,hydra.core.utils,8363511616
2025-02-11 20:40:48,204,INFO,PatchConfig initialized successfully.,root,8363511616
2025-02-11 20:40:48,268,DEBUG,Creating converter from 7 to 5,h5py._conv,8363511616
2025-02-11 20:40:48,268,DEBUG,Creating converter from 5 to 7,h5py._conv,8363511616
2025-02-11 20:40:48,268,DEBUG,Creating converter from 7 to 5,h5py._conv,8363511616
2025-02-11 20:40:48,268,DEBUG,Creating converter from 5 to 7,h5py._conv,8363511616
2025-02-11 20:40:48,320,INFO,Initializing SAM2 CellSegmentor...,root,8363511616
2025-02-11 20:40:48,605,INFO,Loaded checkpoint sucessfully,root,8363511616
2025-02-11 20:40:48,811,DEBUG,STREAM b'IHDR' 16 13,PIL.PngImagePlugin,8363511616
2025-02-11 20:40:48,811,DEBUG,STREAM b'sRGB' 41 1,PIL.PngImagePlugin,8363511616
2025-02-11 20:40:48,811,DEBUG,STREAM b'pHYs' 54 9,PIL.PngImagePlugin,8363511616
2025-02-11 20:40:48,812,DEBUG,STREAM b'IDAT' 75 21949,PIL.PngImagePlugin,8363511616
2025-02-11 20:40:49,579,INFO,FileLogger initialized. Folder path set to: experiments/Data/rig_recorder_data/2025_02_11-20_40/,root,8363511616
2025-02-11 20:40:49,579,INFO,FileLogger initialized. Folder path set to: experiments/Data/rig_recorder_data/2025_02_11-20_40/,root,8363511616
2025-02-11 20:40:49,582,DEBUG,Adding config GUI for Calibration,root,8363511616
2025-02-11 20:40:49,582,DEBUG,Adding config GUI for Calibration,root,8363511616
2025-02-11 20:40:49,582,WARNING,Use method 'params' via param namespace ,param.CalibrationConfig,8363511616
2025-02-11 20:40:49,582,WARNING,Use method 'params' via param namespace ,param.CalibrationConfig,8363511616
2025-02-11 20:40:49,586,DEBUG,Config GUI added,root,8363511616
2025-02-11 20:40:49,586,DEBUG,Config GUI added,root,8363511616
2025-02-11 20:40:49,586,DEBUG,Adding config GUI for Patch,root,8363511616
2025-02-11 20:40:49,586,DEBUG,Adding config GUI for Patch,root,8363511616
2025-02-11 20:40:49,587,WARNING,Use method 'params' via param namespace ,param.PatchConfig,8363511616
2025-02-11 20:40:49,587,WARNING,Use method 'params' via param namespace ,param.PatchConfig,8363511616
2025-02-11 20:40:49,589,DEBUG,Config GUI added,root,8363511616
2025-02-11 20:40:49,589,DEBUG,Config GUI added,root,8363511616
2025-02-11 20:40:49,589,DEBUG,Added config GUI.,root,8363511616
2025-02-11 20:40:49,589,DEBUG,Added config GUI.,root,8363511616
2025-02-11 20:40:49,589,DEBUG,Added 'Auto Patching' tab.,root,8363511616
2025-02-11 20:40:49,589,DEBUG,Added 'Auto Patching' tab.,root,8363511616
2025-02-11 20:40:49,590,INFO,FileLogger initialized. Folder path set to: experiments/Data/rig_recorder_data/2025_02_11-20_40/,root,8363511616
2025-02-11 20:40:49,590,INFO,FileLogger initialized. Folder path set to: experiments/Data/rig_recorder_data/2025_02_11-20_40/,root,8363511616
2025-02-11 20:40:49,593,DEBUG,Pressure set to: 45,holypipette.devices.pressurecontroller.BasePressureController.FakePressureController,8363511616
2025-02-11 20:40:49,593,DEBUG,Pressure set to: 45,holypipette.devices.pressurecontroller.BasePressureController.FakePressureController,8363511616
2025-02-11 20:40:49,647,INFO,FileLogger initialized. Folder path set to: experiments/Data/rig_recorder_data/2025_02_11-20_40/,root,8363511616
2025-02-11 20:40:49,647,INFO,FileLogger initialized. Folder path set to: experiments/Data/rig_recorder_data/2025_02_11-20_40/,root,8363511616
2025-02-11 20:48:52,947,INFO,closing GUI,root,8363511616
2025-02-11 20:48:52,947,INFO,closing GUI,root,8363511616
2025-02-11 20:48:54,196,ERROR,Uncaught exception,root,"8363511616
Traceback (most recent call last):
  File ""/Users/kadenstillwagon/holypipette-pbl/holypipette-pbl/holypipette/gui/graph.py""", line 448," in closeEvent
    self.recorder.close()
  File ""/Users/kadenstillwagon/holypipette-pbl/holypipette-pbl/holypipette/utils/FileLogger.py""", line 169," in close
    self.write_frame.wait()
    ^^^^^^^^^^^^^^^^^^^^^
AttributeError: 'NoneType' object has no attribute 'wait'"
2025-02-11 20:48:54,196,ERROR,Uncaught exception,root,"8363511616
Traceback (most recent call last):
  File ""/Users/kadenstillwagon/holypipette-pbl/holypipette-pbl/holypipette/gui/graph.py""", line 448," in closeEvent
    self.recorder.close()
  File ""/Users/kadenstillwagon/holypipette-pbl/holypipette-pbl/holypipette/utils/FileLogger.py""", line 169," in close
    self.write_frame.wait()
    ^^^^^^^^^^^^^^^^^^^^^
AttributeError: 'NoneType' object has no attribute 'wait'"
2025-02-11 20:48:57,199,INFO,Program Started,root,8363511616
2025-02-11 20:48:58,019,DEBUG,matplotlib data path: /opt/homebrew/Caskroom/miniforge/base/envs/moscow/lib/python3.11/site-packages/matplotlib/mpl-data,matplotlib,8363511616
2025-02-11 20:48:58,021,DEBUG,CONFIGDIR=/Users/kadenstillwagon/.matplotlib,matplotlib,8363511616
2025-02-11 20:48:58,022,DEBUG,interactive is False,matplotlib,8363511616
2025-02-11 20:48:58,022,DEBUG,platform is darwin,matplotlib,8363511616
2025-02-11 20:48:58,072,DEBUG,CACHEDIR=/Users/kadenstillwagon/.matplotlib,matplotlib,8363511616
2025-02-11 20:48:58,073,DEBUG,Using fontManager instance from /Users/kadenstillwagon/.matplotlib/fontlist-v330.json,matplotlib.font_manager,8363511616
2025-02-11 20:48:58,237,DEBUG,Setting JobRuntime:name=UNKNOWN_NAME,hydra.core.utils,8363511616
2025-02-11 20:48:58,237,DEBUG,Setting JobRuntime:name=app,hydra.core.utils,8363511616
2025-02-11 20:48:59,402,INFO,PatchConfig initialized successfully.,root,8363511616
2025-02-11 20:48:59,466,DEBUG,Creating converter from 7 to 5,h5py._conv,8363511616
2025-02-11 20:48:59,466,DEBUG,Creating converter from 5 to 7,h5py._conv,8363511616
2025-02-11 20:48:59,466,DEBUG,Creating converter from 7 to 5,h5py._conv,8363511616
2025-02-11 20:48:59,466,DEBUG,Creating converter from 5 to 7,h5py._conv,8363511616
2025-02-11 20:48:59,518,INFO,Initializing SAM2 CellSegmentor...,root,8363511616
2025-02-11 20:48:59,774,INFO,Loaded checkpoint sucessfully,root,8363511616
2025-02-11 20:49:00,016,DEBUG,STREAM b'IHDR' 16 13,PIL.PngImagePlugin,8363511616
2025-02-11 20:49:00,019,DEBUG,STREAM b'sRGB' 41 1,PIL.PngImagePlugin,8363511616
2025-02-11 20:49:00,027,DEBUG,STREAM b'pHYs' 54 9,PIL.PngImagePlugin,8363511616
2025-02-11 20:49:00,027,DEBUG,STREAM b'IDAT' 75 21949,PIL.PngImagePlugin,8363511616
2025-02-11 20:49:00,812,INFO,FileLogger initialized. Folder path set to: experiments/Data/rig_recorder_data/2025_02_11-20_49/,root,8363511616
2025-02-11 20:49:00,812,INFO,FileLogger initialized. Folder path set to: experiments/Data/rig_recorder_data/2025_02_11-20_49/,root,8363511616
2025-02-11 20:49:00,814,DEBUG,Adding config GUI for Calibration,root,8363511616
2025-02-11 20:49:00,814,DEBUG,Adding config GUI for Calibration,root,8363511616
2025-02-11 20:49:00,815,WARNING,Use method 'params' via param namespace ,param.CalibrationConfig,8363511616
2025-02-11 20:49:00,815,WARNING,Use method 'params' via param namespace ,param.CalibrationConfig,8363511616
2025-02-11 20:49:00,816,DEBUG,Config GUI added,root,8363511616
2025-02-11 20:49:00,816,DEBUG,Config GUI added,root,8363511616
2025-02-11 20:49:00,816,DEBUG,Adding config GUI for Patch,root,8363511616
2025-02-11 20:49:00,816,DEBUG,Adding config GUI for Patch,root,8363511616
2025-02-11 20:49:00,816,WARNING,Use method 'params' via param namespace ,param.PatchConfig,8363511616
2025-02-11 20:49:00,816,WARNING,Use method 'params' via param namespace ,param.PatchConfig,8363511616
2025-02-11 20:49:00,819,DEBUG,Config GUI added,root,8363511616
2025-02-11 20:49:00,819,DEBUG,Config GUI added,root,8363511616
2025-02-11 20:49:00,819,DEBUG,Added config GUI.,root,8363511616
2025-02-11 20:49:00,819,DEBUG,Added config GUI.,root,8363511616
2025-02-11 20:49:00,819,DEBUG,Added 'Auto Patching' tab.,root,8363511616
2025-02-11 20:49:00,819,DEBUG,Added 'Auto Patching' tab.,root,8363511616
2025-02-11 20:49:00,819,INFO,FileLogger initialized. Folder path set to: experiments/Data/rig_recorder_data/2025_02_11-20_49/,root,8363511616
2025-02-11 20:49:00,819,INFO,FileLogger initialized. Folder path set to: experiments/Data/rig_recorder_data/2025_02_11-20_49/,root,8363511616
2025-02-11 20:49:00,825,DEBUG,Pressure set to: 45,holypipette.devices.pressurecontroller.BasePressureController.FakePressureController,8363511616
2025-02-11 20:49:00,825,DEBUG,Pressure set to: 45,holypipette.devices.pressurecontroller.BasePressureController.FakePressureController,8363511616
2025-02-11 20:49:00,883,INFO,FileLogger initialized. Folder path set to: experiments/Data/rig_recorder_data/2025_02_11-20_49/,root,8363511616
2025-02-11 20:49:00,883,INFO,FileLogger initialized. Folder path set to: experiments/Data/rig_recorder_data/2025_02_11-20_49/,root,8363511616
2025-02-11 20:49:04,186,DEBUG,z position of the microscope: 1425000.0,holypipette.interface.patch.AutoPatchInterface,14125068288
2025-02-11 20:49:04,186,DEBUG,z position of the microscope: 1425000.0,holypipette.interface.patch.AutoPatchInterface,14125068288
2025-02-11 20:59:10,313,INFO,Executing command: <bound method PipetteInterface.go_to_floor of <holypipette.interface.pipettes.PipetteInterface object at 0x33db61c60>>,root,8363511616
2025-02-11 20:59:10,313,INFO,Executing command: <bound method PipetteInterface.go_to_floor of <holypipette.interface.pipettes.PipetteInterface object at 0x33db61c60>>,root,8363511616
2025-02-11 20:59:10,314,ERROR,"""go_to_floor"" failed.",holypipette.interface.pipettes.PipetteInterface,"14125068288
Traceback (most recent call last):
  File ""/Users/kadenstillwagon/holypipette-pbl/holypipette-pbl/holypipette/interface/base.py""", line 215," in command_received
    command()
  File ""/Users/kadenstillwagon/holypipette-pbl/holypipette-pbl/holypipette/interface/base.py""", line 124," in wrapped
    result = func(self)
             ^^^^^^^^^^
  File ""/Users/kadenstillwagon/holypipette-pbl/holypipette-pbl/holypipette/interface/pipettes.py""", line 227," in go_to_floor
    raise RuntimeError(""Coverslip floor must be set."")
RuntimeError: Coverslip floor must be set."
2025-02-11 20:59:10,314,ERROR,"""go_to_floor"" failed.",holypipette.interface.pipettes.PipetteInterface,"14125068288
Traceback (most recent call last):
  File ""/Users/kadenstillwagon/holypipette-pbl/holypipette-pbl/holypipette/interface/base.py""", line 215," in command_received
    command()
  File ""/Users/kadenstillwagon/holypipette-pbl/holypipette-pbl/holypipette/interface/base.py""", line 124," in wrapped
    result = func(self)
             ^^^^^^^^^^
  File ""/Users/kadenstillwagon/holypipette-pbl/holypipette-pbl/holypipette/interface/pipettes.py""", line 227," in go_to_floor
    raise RuntimeError(""Coverslip floor must be set."")
RuntimeError: Coverslip floor must be set."
2025-02-11 20:59:24,168,INFO,Executing command: <bound method AutoPatchInterface.move_group_down of <holypipette.interface.patch.AutoPatchInterface object at 0x33db61630>>,root,8363511616
2025-02-11 20:59:24,168,INFO,Executing command: <bound method AutoPatchInterface.move_group_down of <holypipette.interface.patch.AutoPatchInterface object at 0x33db61630>>,root,8363511616
2025-02-11 21:07:45,237,INFO,closing GUI,root,8363511616
2025-02-11 21:07:45,237,INFO,closing GUI,root,8363511616
2025-02-11 21:07:46,622,ERROR,Uncaught exception,root,"8363511616
Traceback (most recent call last):
  File ""/Users/kadenstillwagon/holypipette-pbl/holypipette-pbl/holypipette/gui/graph.py""", line 448," in closeEvent
    self.recorder.close()
  File ""/Users/kadenstillwagon/holypipette-pbl/holypipette-pbl/holypipette/utils/FileLogger.py""", line 169," in close
    self.write_frame.wait()
    ^^^^^^^^^^^^^^^^^^^^^
AttributeError: 'NoneType' object has no attribute 'wait'"
2025-02-11 21:07:46,622,ERROR,Uncaught exception,root,"8363511616
Traceback (most recent call last):
  File ""/Users/kadenstillwagon/holypipette-pbl/holypipette-pbl/holypipette/gui/graph.py""", line 448," in closeEvent
    self.recorder.close()
  File ""/Users/kadenstillwagon/holypipette-pbl/holypipette-pbl/holypipette/utils/FileLogger.py""", line 169," in close
    self.write_frame.wait()
    ^^^^^^^^^^^^^^^^^^^^^
AttributeError: 'NoneType' object has no attribute 'wait'"
2025-02-11 21:07:50,320,INFO,Program Started,root,8363511616
2025-02-11 21:07:51,131,DEBUG,matplotlib data path: /opt/homebrew/Caskroom/miniforge/base/envs/moscow/lib/python3.11/site-packages/matplotlib/mpl-data,matplotlib,8363511616
2025-02-11 21:07:51,133,DEBUG,CONFIGDIR=/Users/kadenstillwagon/.matplotlib,matplotlib,8363511616
2025-02-11 21:07:51,133,DEBUG,interactive is False,matplotlib,8363511616
2025-02-11 21:07:51,133,DEBUG,platform is darwin,matplotlib,8363511616
2025-02-11 21:07:51,179,DEBUG,CACHEDIR=/Users/kadenstillwagon/.matplotlib,matplotlib,8363511616
2025-02-11 21:07:51,180,DEBUG,Using fontManager instance from /Users/kadenstillwagon/.matplotlib/fontlist-v330.json,matplotlib.font_manager,8363511616
2025-02-11 21:07:51,329,DEBUG,Setting JobRuntime:name=UNKNOWN_NAME,hydra.core.utils,8363511616
2025-02-11 21:07:51,329,DEBUG,Setting JobRuntime:name=app,hydra.core.utils,8363511616
2025-02-11 21:07:52,478,INFO,PatchConfig initialized successfully.,root,8363511616
2025-02-11 21:07:52,543,DEBUG,Creating converter from 7 to 5,h5py._conv,8363511616
2025-02-11 21:07:52,543,DEBUG,Creating converter from 5 to 7,h5py._conv,8363511616
2025-02-11 21:07:52,543,DEBUG,Creating converter from 7 to 5,h5py._conv,8363511616
2025-02-11 21:07:52,543,DEBUG,Creating converter from 5 to 7,h5py._conv,8363511616
2025-02-11 21:07:52,597,INFO,Initializing SAM2 CellSegmentor...,root,8363511616
2025-02-11 21:07:52,856,INFO,Loaded checkpoint sucessfully,root,8363511616
2025-02-11 21:07:53,065,DEBUG,STREAM b'IHDR' 16 13,PIL.PngImagePlugin,8363511616
2025-02-11 21:07:53,065,DEBUG,STREAM b'sRGB' 41 1,PIL.PngImagePlugin,8363511616
2025-02-11 21:07:53,065,DEBUG,STREAM b'pHYs' 54 9,PIL.PngImagePlugin,8363511616
2025-02-11 21:07:53,065,DEBUG,STREAM b'IDAT' 75 21949,PIL.PngImagePlugin,8363511616
2025-02-11 21:07:53,787,INFO,FileLogger initialized. Folder path set to: experiments/Data/rig_recorder_data/2025_02_11-21_07/,root,8363511616
2025-02-11 21:07:53,787,INFO,FileLogger initialized. Folder path set to: experiments/Data/rig_recorder_data/2025_02_11-21_07/,root,8363511616
2025-02-11 21:07:53,790,DEBUG,Adding config GUI for Calibration,root,8363511616
2025-02-11 21:07:53,790,DEBUG,Adding config GUI for Calibration,root,8363511616
2025-02-11 21:07:53,791,WARNING,Use method 'params' via param namespace ,param.CalibrationConfig,8363511616
2025-02-11 21:07:53,791,WARNING,Use method 'params' via param namespace ,param.CalibrationConfig,8363511616
2025-02-11 21:07:53,792,DEBUG,Config GUI added,root,8363511616
2025-02-11 21:07:53,792,DEBUG,Config GUI added,root,8363511616
2025-02-11 21:07:53,792,DEBUG,Adding config GUI for Patch,root,8363511616
2025-02-11 21:07:53,792,DEBUG,Adding config GUI for Patch,root,8363511616
2025-02-11 21:07:53,792,WARNING,Use method 'params' via param namespace ,param.PatchConfig,8363511616
2025-02-11 21:07:53,792,WARNING,Use method 'params' via param namespace ,param.PatchConfig,8363511616
2025-02-11 21:07:53,795,DEBUG,Config GUI added,root,8363511616
2025-02-11 21:07:53,795,DEBUG,Config GUI added,root,8363511616
2025-02-11 21:07:53,796,DEBUG,Added config GUI.,root,8363511616
2025-02-11 21:07:53,796,DEBUG,Added config GUI.,root,8363511616
2025-02-11 21:07:53,796,DEBUG,Added 'Auto Patching' tab.,root,8363511616
2025-02-11 21:07:53,796,DEBUG,Added 'Auto Patching' tab.,root,8363511616
2025-02-11 21:07:53,796,INFO,FileLogger initialized. Folder path set to: experiments/Data/rig_recorder_data/2025_02_11-21_07/,root,8363511616
2025-02-11 21:07:53,796,INFO,FileLogger initialized. Folder path set to: experiments/Data/rig_recorder_data/2025_02_11-21_07/,root,8363511616
2025-02-11 21:07:53,799,DEBUG,Pressure set to: 45,holypipette.devices.pressurecontroller.BasePressureController.FakePressureController,8363511616
2025-02-11 21:07:53,799,DEBUG,Pressure set to: 45,holypipette.devices.pressurecontroller.BasePressureController.FakePressureController,8363511616
2025-02-11 21:07:53,852,INFO,FileLogger initialized. Folder path set to: experiments/Data/rig_recorder_data/2025_02_11-21_07/,root,8363511616
2025-02-11 21:07:53,852,INFO,FileLogger initialized. Folder path set to: experiments/Data/rig_recorder_data/2025_02_11-21_07/,root,8363511616
2025-02-11 21:08:07,207,INFO,Executing command: <bound method AutoPatchInterface.move_group_down of <holypipette.interface.patch.AutoPatchInterface object at 0x339ee9b40>>,root,8363511616
2025-02-11 21:08:07,207,INFO,Executing command: <bound method AutoPatchInterface.move_group_down of <holypipette.interface.patch.AutoPatchInterface object at 0x339ee9b40>>,root,8363511616
2025-02-11 21:16:36,412,INFO,Recording started,root,8363511616
2025-02-11 21:16:36,412,INFO,Recording started,root,8363511616
2025-02-11 21:16:49,198,DEBUG,Importing BlpImagePlugin,PIL.Image,14287663104
2025-02-11 21:16:49,198,DEBUG,Importing BlpImagePlugin,PIL.Image,14287663104
2025-02-11 21:16:49,200,DEBUG,Importing BmpImagePlugin,PIL.Image,14287663104
2025-02-11 21:16:49,200,DEBUG,Importing BmpImagePlugin,PIL.Image,14287663104
2025-02-11 21:16:49,200,DEBUG,Importing BufrStubImagePlugin,PIL.Image,14287663104
2025-02-11 21:16:49,200,DEBUG,Importing BufrStubImagePlugin,PIL.Image,14287663104
2025-02-11 21:16:49,201,DEBUG,Importing CurImagePlugin,PIL.Image,14287663104
2025-02-11 21:16:49,201,DEBUG,Importing CurImagePlugin,PIL.Image,14287663104
2025-02-11 21:16:49,201,DEBUG,Importing DcxImagePlugin,PIL.Image,14287663104
2025-02-11 21:16:49,201,DEBUG,Importing DcxImagePlugin,PIL.Image,14287663104
2025-02-11 21:16:49,203,DEBUG,Importing DdsImagePlugin,PIL.Image,14287663104
2025-02-11 21:16:49,203,DEBUG,Importing DdsImagePlugin,PIL.Image,14287663104
2025-02-11 21:16:49,205,DEBUG,Importing EpsImagePlugin,PIL.Image,14287663104
2025-02-11 21:16:49,205,DEBUG,Importing EpsImagePlugin,PIL.Image,14287663104
2025-02-11 21:16:49,206,DEBUG,Importing FitsImagePlugin,PIL.Image,14287663104
2025-02-11 21:16:49,206,DEBUG,Importing FitsImagePlugin,PIL.Image,14287663104
2025-02-11 21:16:49,206,DEBUG,Importing FliImagePlugin,PIL.Image,14287663104
2025-02-11 21:16:49,206,DEBUG,Importing FliImagePlugin,PIL.Image,14287663104
2025-02-11 21:16:49,207,DEBUG,Importing FpxImagePlugin,PIL.Image,14287663104
2025-02-11 21:16:49,207,DEBUG,Importing FpxImagePlugin,PIL.Image,14287663104
2025-02-11 21:16:49,207,DEBUG,Image: failed to import FpxImagePlugin: No module named 'olefile',PIL.Image,14287663104
2025-02-11 21:16:49,207,DEBUG,Image: failed to import FpxImagePlugin: No module named 'olefile',PIL.Image,14287663104
2025-02-11 21:16:49,207,DEBUG,Importing FtexImagePlugin,PIL.Image,14287663104
2025-02-11 21:16:49,207,DEBUG,Importing FtexImagePlugin,PIL.Image,14287663104
2025-02-11 21:16:49,208,DEBUG,Importing GbrImagePlugin,PIL.Image,14287663104
2025-02-11 21:16:49,208,DEBUG,Importing GbrImagePlugin,PIL.Image,14287663104
2025-02-11 21:16:49,208,DEBUG,Importing GifImagePlugin,PIL.Image,14287663104
2025-02-11 21:16:49,208,DEBUG,Importing GifImagePlugin,PIL.Image,14287663104
2025-02-11 21:16:49,208,DEBUG,Importing GribStubImagePlugin,PIL.Image,14287663104
2025-02-11 21:16:49,208,DEBUG,Importing GribStubImagePlugin,PIL.Image,14287663104
2025-02-11 21:16:49,208,DEBUG,Importing Hdf5StubImagePlugin,PIL.Image,14287663104
2025-02-11 21:16:49,208,DEBUG,Importing Hdf5StubImagePlugin,PIL.Image,14287663104
2025-02-11 21:16:49,209,DEBUG,Importing IcnsImagePlugin,PIL.Image,14287663104
2025-02-11 21:16:49,209,DEBUG,Importing IcnsImagePlugin,PIL.Image,14287663104
2025-02-11 21:16:49,209,DEBUG,Importing IcoImagePlugin,PIL.Image,14287663104
2025-02-11 21:16:49,209,DEBUG,Importing IcoImagePlugin,PIL.Image,14287663104
2025-02-11 21:16:49,210,DEBUG,Importing ImImagePlugin,PIL.Image,14287663104
2025-02-11 21:16:49,210,DEBUG,Importing ImImagePlugin,PIL.Image,14287663104
2025-02-11 21:16:49,210,DEBUG,Importing ImtImagePlugin,PIL.Image,14287663104
2025-02-11 21:16:49,210,DEBUG,Importing ImtImagePlugin,PIL.Image,14287663104
2025-02-11 21:16:49,211,DEBUG,Importing IptcImagePlugin,PIL.Image,14287663104
2025-02-11 21:16:49,211,DEBUG,Importing IptcImagePlugin,PIL.Image,14287663104
2025-02-11 21:16:49,211,DEBUG,Importing JpegImagePlugin,PIL.Image,14287663104
2025-02-11 21:16:49,211,DEBUG,Importing JpegImagePlugin,PIL.Image,14287663104
2025-02-11 21:16:49,211,DEBUG,Importing Jpeg2KImagePlugin,PIL.Image,14287663104
2025-02-11 21:16:49,211,DEBUG,Importing Jpeg2KImagePlugin,PIL.Image,14287663104
2025-02-11 21:16:49,211,DEBUG,Importing McIdasImagePlugin,PIL.Image,14287663104
2025-02-11 21:16:49,211,DEBUG,Importing McIdasImagePlugin,PIL.Image,14287663104
2025-02-11 21:16:49,212,DEBUG,Importing MicImagePlugin,PIL.Image,14287663104
2025-02-11 21:16:49,212,DEBUG,Importing MicImagePlugin,PIL.Image,14287663104
2025-02-11 21:16:49,214,DEBUG,Image: failed to import MicImagePlugin: No module named 'olefile',PIL.Image,14287663104
2025-02-11 21:16:49,214,DEBUG,Image: failed to import MicImagePlugin: No module named 'olefile',PIL.Image,14287663104
2025-02-11 21:16:49,214,DEBUG,Importing MpegImagePlugin,PIL.Image,14287663104
2025-02-11 21:16:49,214,DEBUG,Importing MpegImagePlugin,PIL.Image,14287663104
2025-02-11 21:16:49,216,DEBUG,Importing MpoImagePlugin,PIL.Image,14287663104
2025-02-11 21:16:49,216,DEBUG,Importing MpoImagePlugin,PIL.Image,14287663104
2025-02-11 21:16:49,219,DEBUG,Importing MspImagePlugin,PIL.Image,14287663104
2025-02-11 21:16:49,219,DEBUG,Importing MspImagePlugin,PIL.Image,14287663104
2025-02-11 21:16:49,219,DEBUG,Importing PalmImagePlugin,PIL.Image,14287663104
2025-02-11 21:16:49,219,DEBUG,Importing PalmImagePlugin,PIL.Image,14287663104
2025-02-11 21:16:49,221,DEBUG,Importing PcdImagePlugin,PIL.Image,14287663104
2025-02-11 21:16:49,221,DEBUG,Importing PcdImagePlugin,PIL.Image,14287663104
2025-02-11 21:16:49,222,DEBUG,Importing PcxImagePlugin,PIL.Image,14287663104
2025-02-11 21:16:49,222,DEBUG,Importing PcxImagePlugin,PIL.Image,14287663104
2025-02-11 21:16:49,222,DEBUG,Importing PdfImagePlugin,PIL.Image,14287663104
2025-02-11 21:16:49,222,DEBUG,Importing PdfImagePlugin,PIL.Image,14287663104
2025-02-11 21:16:49,225,DEBUG,Importing PixarImagePlugin,PIL.Image,14287663104
2025-02-11 21:16:49,225,DEBUG,Importing PixarImagePlugin,PIL.Image,14287663104
2025-02-11 21:16:49,225,DEBUG,Importing PngImagePlugin,PIL.Image,14287663104
2025-02-11 21:16:49,225,DEBUG,Importing PngImagePlugin,PIL.Image,14287663104
2025-02-11 21:16:49,226,DEBUG,Importing PpmImagePlugin,PIL.Image,14287663104
2025-02-11 21:16:49,226,DEBUG,Importing PpmImagePlugin,PIL.Image,14287663104
2025-02-11 21:16:49,226,DEBUG,Importing PsdImagePlugin,PIL.Image,14287663104
2025-02-11 21:16:49,226,DEBUG,Importing PsdImagePlugin,PIL.Image,14287663104
2025-02-11 21:16:49,226,DEBUG,Importing QoiImagePlugin,PIL.Image,14287663104
2025-02-11 21:16:49,226,DEBUG,Importing QoiImagePlugin,PIL.Image,14287663104
2025-02-11 21:16:49,227,DEBUG,Importing SgiImagePlugin,PIL.Image,14287663104
2025-02-11 21:16:49,227,DEBUG,Importing SgiImagePlugin,PIL.Image,14287663104
2025-02-11 21:16:49,228,DEBUG,Importing SpiderImagePlugin,PIL.Image,14287663104
2025-02-11 21:16:49,228,DEBUG,Importing SpiderImagePlugin,PIL.Image,14287663104
2025-02-11 21:16:49,228,DEBUG,Importing SunImagePlugin,PIL.Image,14287663104
2025-02-11 21:16:49,228,DEBUG,Importing SunImagePlugin,PIL.Image,14287663104
2025-02-11 21:16:49,229,DEBUG,Importing TgaImagePlugin,PIL.Image,14287663104
2025-02-11 21:16:49,229,DEBUG,Importing TgaImagePlugin,PIL.Image,14287663104
2025-02-11 21:16:49,229,DEBUG,Importing TiffImagePlugin,PIL.Image,14287663104
2025-02-11 21:16:49,229,DEBUG,Importing TiffImagePlugin,PIL.Image,14287663104
2025-02-11 21:16:49,229,DEBUG,Importing WebPImagePlugin,PIL.Image,14287663104
2025-02-11 21:16:49,229,DEBUG,Importing WebPImagePlugin,PIL.Image,14287663104
2025-02-11 21:16:49,936,DEBUG,Importing WmfImagePlugin,PIL.Image,14287663104
2025-02-11 21:16:49,936,DEBUG,Importing WmfImagePlugin,PIL.Image,14287663104
2025-02-11 21:16:49,943,DEBUG,Importing XbmImagePlugin,PIL.Image,14287663104
2025-02-11 21:16:49,943,DEBUG,Importing XbmImagePlugin,PIL.Image,14287663104
2025-02-11 21:16:49,944,DEBUG,Importing XpmImagePlugin,PIL.Image,14287663104
2025-02-11 21:16:49,944,DEBUG,Importing XpmImagePlugin,PIL.Image,14287663104
2025-02-11 21:16:49,947,DEBUG,Importing XVThumbImagePlugin,PIL.Image,14287663104
2025-02-11 21:16:49,947,DEBUG,Importing XVThumbImagePlugin,PIL.Image,14287663104
2025-02-11 21:18:06,861,INFO,Recording stopped,root,8363511616
2025-02-11 21:18:06,861,INFO,Recording stopped,root,8363511616
2025-02-11 21:29:25,251,INFO,closing GUI,root,8363511616
2025-02-11 21:29:25,251,INFO,closing GUI,root,8363511616
2025-02-11 21:29:26,580,INFO,Closing file: experiments/Data/rig_recorder_data/2025_02_11-21_07/graph_recording.csv,root,8363511616
2025-02-11 21:29:26,580,INFO,Closing file: experiments/Data/rig_recorder_data/2025_02_11-21_07/graph_recording.csv,root,8363511616
2025-02-11 21:29:26,581,ERROR,Uncaught exception,root,"8363511616
Traceback (most recent call last):
  File ""/Users/kadenstillwagon/holypipette-pbl/holypipette-pbl/holypipette/gui/graph.py""", line 448," in closeEvent
    self.recorder.close()
  File ""/Users/kadenstillwagon/holypipette-pbl/holypipette-pbl/holypipette/utils/FileLogger.py""", line 169," in close
    self.write_frame.wait()
    ^^^^^^^^^^^^^^^^^^^^^
AttributeError: 'NoneType' object has no attribute 'wait'"
2025-02-11 21:29:26,581,ERROR,Uncaught exception,root,"8363511616
Traceback (most recent call last):
  File ""/Users/kadenstillwagon/holypipette-pbl/holypipette-pbl/holypipette/gui/graph.py""", line 448," in closeEvent
    self.recorder.close()
  File ""/Users/kadenstillwagon/holypipette-pbl/holypipette-pbl/holypipette/utils/FileLogger.py""", line 169," in close
    self.write_frame.wait()
    ^^^^^^^^^^^^^^^^^^^^^
AttributeError: 'NoneType' object has no attribute 'wait'"
2025-02-11 21:39:46,995,INFO,Program Started,root,8363511616
2025-02-11 21:39:47,857,DEBUG,matplotlib data path: /opt/homebrew/Caskroom/miniforge/base/envs/moscow/lib/python3.11/site-packages/matplotlib/mpl-data,matplotlib,8363511616
2025-02-11 21:39:47,859,DEBUG,CONFIGDIR=/Users/kadenstillwagon/.matplotlib,matplotlib,8363511616
2025-02-11 21:39:47,860,DEBUG,interactive is False,matplotlib,8363511616
2025-02-11 21:39:47,860,DEBUG,platform is darwin,matplotlib,8363511616
2025-02-11 21:39:47,903,DEBUG,CACHEDIR=/Users/kadenstillwagon/.matplotlib,matplotlib,8363511616
2025-02-11 21:39:47,904,DEBUG,Using fontManager instance from /Users/kadenstillwagon/.matplotlib/fontlist-v330.json,matplotlib.font_manager,8363511616
2025-02-11 21:39:48,061,DEBUG,Setting JobRuntime:name=UNKNOWN_NAME,hydra.core.utils,8363511616
2025-02-11 21:39:48,061,DEBUG,Setting JobRuntime:name=app,hydra.core.utils,8363511616
2025-02-11 21:39:49,212,INFO,PatchConfig initialized successfully.,root,8363511616
2025-02-11 21:39:49,304,DEBUG,Creating converter from 7 to 5,h5py._conv,8363511616
2025-02-11 21:39:49,304,DEBUG,Creating converter from 5 to 7,h5py._conv,8363511616
2025-02-11 21:39:49,304,DEBUG,Creating converter from 7 to 5,h5py._conv,8363511616
2025-02-11 21:39:49,304,DEBUG,Creating converter from 5 to 7,h5py._conv,8363511616
2025-02-11 21:39:49,404,INFO,Initializing SAM2 CellSegmentor...,root,8363511616
2025-02-11 21:39:49,660,INFO,Loaded checkpoint sucessfully,root,8363511616
2025-02-11 21:39:49,882,DEBUG,STREAM b'IHDR' 16 13,PIL.PngImagePlugin,8363511616
2025-02-11 21:39:49,882,DEBUG,STREAM b'sRGB' 41 1,PIL.PngImagePlugin,8363511616
2025-02-11 21:39:49,882,DEBUG,STREAM b'pHYs' 54 9,PIL.PngImagePlugin,8363511616
2025-02-11 21:39:49,882,DEBUG,STREAM b'IDAT' 75 21949,PIL.PngImagePlugin,8363511616
2025-02-11 21:39:50,650,INFO,FileLogger initialized. Folder path set to: experiments/Data/rig_recorder_data/2025_02_11-21_39/,root,8363511616
2025-02-11 21:39:50,650,INFO,FileLogger initialized. Folder path set to: experiments/Data/rig_recorder_data/2025_02_11-21_39/,root,8363511616
2025-02-11 21:39:50,654,DEBUG,Adding config GUI for Calibration,root,8363511616
2025-02-11 21:39:50,654,DEBUG,Adding config GUI for Calibration,root,8363511616
2025-02-11 21:39:50,654,WARNING,Use method 'params' via param namespace ,param.CalibrationConfig,8363511616
2025-02-11 21:39:50,654,WARNING,Use method 'params' via param namespace ,param.CalibrationConfig,8363511616
2025-02-11 21:39:50,655,DEBUG,Config GUI added,root,8363511616
2025-02-11 21:39:50,655,DEBUG,Config GUI added,root,8363511616
2025-02-11 21:39:50,655,DEBUG,Adding config GUI for Patch,root,8363511616
2025-02-11 21:39:50,655,DEBUG,Adding config GUI for Patch,root,8363511616
2025-02-11 21:39:50,655,WARNING,Use method 'params' via param namespace ,param.PatchConfig,8363511616
2025-02-11 21:39:50,655,WARNING,Use method 'params' via param namespace ,param.PatchConfig,8363511616
2025-02-11 21:39:50,658,DEBUG,Config GUI added,root,8363511616
2025-02-11 21:39:50,658,DEBUG,Config GUI added,root,8363511616
2025-02-11 21:39:50,658,DEBUG,Added config GUI.,root,8363511616
2025-02-11 21:39:50,658,DEBUG,Added config GUI.,root,8363511616
2025-02-11 21:39:50,658,DEBUG,Added 'Auto Patching' tab.,root,8363511616
2025-02-11 21:39:50,658,DEBUG,Added 'Auto Patching' tab.,root,8363511616
2025-02-11 21:39:50,659,INFO,FileLogger initialized. Folder path set to: experiments/Data/rig_recorder_data/2025_02_11-21_39/,root,8363511616
2025-02-11 21:39:50,659,INFO,FileLogger initialized. Folder path set to: experiments/Data/rig_recorder_data/2025_02_11-21_39/,root,8363511616
2025-02-11 21:39:50,662,DEBUG,Pressure set to: 45,holypipette.devices.pressurecontroller.BasePressureController.FakePressureController,8363511616
2025-02-11 21:39:50,662,DEBUG,Pressure set to: 45,holypipette.devices.pressurecontroller.BasePressureController.FakePressureController,8363511616
2025-02-11 21:39:50,718,INFO,FileLogger initialized. Folder path set to: experiments/Data/rig_recorder_data/2025_02_11-21_39/,root,8363511616
2025-02-11 21:39:50,718,INFO,FileLogger initialized. Folder path set to: experiments/Data/rig_recorder_data/2025_02_11-21_39/,root,8363511616
2025-02-11 22:27:29,825,INFO,Program Started,root,8363511616
2025-02-11 22:27:30,632,DEBUG,matplotlib data path: /opt/homebrew/Caskroom/miniforge/base/envs/moscow/lib/python3.11/site-packages/matplotlib/mpl-data,matplotlib,8363511616
2025-02-11 22:27:30,634,DEBUG,CONFIGDIR=/Users/kadenstillwagon/.matplotlib,matplotlib,8363511616
2025-02-11 22:27:30,634,DEBUG,interactive is False,matplotlib,8363511616
2025-02-11 22:27:30,634,DEBUG,platform is darwin,matplotlib,8363511616
2025-02-11 22:27:30,682,DEBUG,CACHEDIR=/Users/kadenstillwagon/.matplotlib,matplotlib,8363511616
2025-02-11 22:27:30,683,DEBUG,Using fontManager instance from /Users/kadenstillwagon/.matplotlib/fontlist-v330.json,matplotlib.font_manager,8363511616
2025-02-11 22:27:30,831,DEBUG,Setting JobRuntime:name=UNKNOWN_NAME,hydra.core.utils,8363511616
2025-02-11 22:27:30,832,DEBUG,Setting JobRuntime:name=app,hydra.core.utils,8363511616
2025-02-11 22:27:31,957,INFO,PatchConfig initialized successfully.,root,8363511616
2025-02-11 22:27:32,023,DEBUG,Creating converter from 7 to 5,h5py._conv,8363511616
2025-02-11 22:27:32,023,DEBUG,Creating converter from 5 to 7,h5py._conv,8363511616
2025-02-11 22:27:32,023,DEBUG,Creating converter from 7 to 5,h5py._conv,8363511616
2025-02-11 22:27:32,023,DEBUG,Creating converter from 5 to 7,h5py._conv,8363511616
2025-02-11 22:27:32,075,INFO,Initializing SAM2 CellSegmentor...,root,8363511616
2025-02-11 22:27:32,329,INFO,Loaded checkpoint sucessfully,root,8363511616
2025-02-11 22:27:32,537,DEBUG,STREAM b'IHDR' 16 13,PIL.PngImagePlugin,8363511616
2025-02-11 22:27:32,537,DEBUG,STREAM b'sRGB' 41 1,PIL.PngImagePlugin,8363511616
2025-02-11 22:27:32,537,DEBUG,STREAM b'pHYs' 54 9,PIL.PngImagePlugin,8363511616
2025-02-11 22:27:32,537,DEBUG,STREAM b'IDAT' 75 21949,PIL.PngImagePlugin,8363511616
2025-02-11 22:27:33,320,INFO,FileLogger initialized. Folder path set to: experiments/Data/rig_recorder_data/2025_02_11-22_27/,root,8363511616
2025-02-11 22:27:33,320,INFO,FileLogger initialized. Folder path set to: experiments/Data/rig_recorder_data/2025_02_11-22_27/,root,8363511616
2025-02-11 22:27:33,323,DEBUG,Adding config GUI for Calibration,root,8363511616
2025-02-11 22:27:33,323,DEBUG,Adding config GUI for Calibration,root,8363511616
2025-02-11 22:27:33,323,WARNING,Use method 'params' via param namespace ,param.CalibrationConfig,8363511616
2025-02-11 22:27:33,323,WARNING,Use method 'params' via param namespace ,param.CalibrationConfig,8363511616
2025-02-11 22:27:33,325,DEBUG,Config GUI added,root,8363511616
2025-02-11 22:27:33,325,DEBUG,Config GUI added,root,8363511616
2025-02-11 22:27:33,325,DEBUG,Adding config GUI for Patch,root,8363511616
2025-02-11 22:27:33,325,DEBUG,Adding config GUI for Patch,root,8363511616
2025-02-11 22:27:33,325,WARNING,Use method 'params' via param namespace ,param.PatchConfig,8363511616
2025-02-11 22:27:33,325,WARNING,Use method 'params' via param namespace ,param.PatchConfig,8363511616
2025-02-11 22:27:33,328,DEBUG,Config GUI added,root,8363511616
2025-02-11 22:27:33,328,DEBUG,Config GUI added,root,8363511616
2025-02-11 22:27:33,329,DEBUG,Added config GUI.,root,8363511616
2025-02-11 22:27:33,329,DEBUG,Added config GUI.,root,8363511616
2025-02-11 22:27:33,329,DEBUG,Added 'Auto Patching' tab.,root,8363511616
2025-02-11 22:27:33,329,DEBUG,Added 'Auto Patching' tab.,root,8363511616
2025-02-11 22:27:33,329,INFO,FileLogger initialized. Folder path set to: experiments/Data/rig_recorder_data/2025_02_11-22_27/,root,8363511616
2025-02-11 22:27:33,329,INFO,FileLogger initialized. Folder path set to: experiments/Data/rig_recorder_data/2025_02_11-22_27/,root,8363511616
2025-02-11 22:27:33,335,DEBUG,Pressure set to: 45,holypipette.devices.pressurecontroller.BasePressureController.FakePressureController,8363511616
2025-02-11 22:27:33,335,DEBUG,Pressure set to: 45,holypipette.devices.pressurecontroller.BasePressureController.FakePressureController,8363511616
2025-02-11 22:27:33,388,INFO,FileLogger initialized. Folder path set to: experiments/Data/rig_recorder_data/2025_02_11-22_27/,root,8363511616
2025-02-11 22:27:33,388,INFO,FileLogger initialized. Folder path set to: experiments/Data/rig_recorder_data/2025_02_11-22_27/,root,8363511616
2025-02-11 22:27:39,892,DEBUG,z position of the microscope: 1425000.0,holypipette.interface.patch.AutoPatchInterface,14267674624
2025-02-11 22:27:39,892,DEBUG,z position of the microscope: 1425000.0,holypipette.interface.patch.AutoPatchInterface,14267674624
2025-02-11 22:27:59,068,INFO,Recording started,root,8363511616
2025-02-11 22:27:59,068,INFO,Recording started,root,8363511616
2025-02-11 22:28:12,013,DEBUG,Importing BlpImagePlugin,PIL.Image,14797582336
2025-02-11 22:28:12,013,DEBUG,Importing BlpImagePlugin,PIL.Image,14797582336
2025-02-11 22:28:12,013,DEBUG,Importing BmpImagePlugin,PIL.Image,14797582336
2025-02-11 22:28:12,013,DEBUG,Importing BmpImagePlugin,PIL.Image,14797582336
2025-02-11 22:28:12,014,DEBUG,Importing BufrStubImagePlugin,PIL.Image,14797582336
2025-02-11 22:28:12,014,DEBUG,Importing BufrStubImagePlugin,PIL.Image,14797582336
2025-02-11 22:28:12,017,DEBUG,Importing CurImagePlugin,PIL.Image,14797582336
2025-02-11 22:28:12,017,DEBUG,Importing CurImagePlugin,PIL.Image,14797582336
2025-02-11 22:28:12,017,DEBUG,Importing DcxImagePlugin,PIL.Image,14797582336
2025-02-11 22:28:12,017,DEBUG,Importing DcxImagePlugin,PIL.Image,14797582336
2025-02-11 22:28:12,018,DEBUG,Importing DdsImagePlugin,PIL.Image,14797582336
2025-02-11 22:28:12,018,DEBUG,Importing DdsImagePlugin,PIL.Image,14797582336
2025-02-11 22:28:12,021,DEBUG,Importing EpsImagePlugin,PIL.Image,14797582336
2025-02-11 22:28:12,021,DEBUG,Importing EpsImagePlugin,PIL.Image,14797582336
2025-02-11 22:28:12,022,DEBUG,Importing FitsImagePlugin,PIL.Image,14797582336
2025-02-11 22:28:12,022,DEBUG,Importing FitsImagePlugin,PIL.Image,14797582336
2025-02-11 22:28:12,023,DEBUG,Importing FliImagePlugin,PIL.Image,14797582336
2025-02-11 22:28:12,023,DEBUG,Importing FliImagePlugin,PIL.Image,14797582336
2025-02-11 22:28:12,023,DEBUG,Importing FpxImagePlugin,PIL.Image,14797582336
2025-02-11 22:28:12,023,DEBUG,Importing FpxImagePlugin,PIL.Image,14797582336
2025-02-11 22:28:12,024,DEBUG,Image: failed to import FpxImagePlugin: No module named 'olefile',PIL.Image,14797582336
2025-02-11 22:28:12,024,DEBUG,Image: failed to import FpxImagePlugin: No module named 'olefile',PIL.Image,14797582336
2025-02-11 22:28:12,024,DEBUG,Importing FtexImagePlugin,PIL.Image,14797582336
2025-02-11 22:28:12,024,DEBUG,Importing FtexImagePlugin,PIL.Image,14797582336
2025-02-11 22:28:12,024,DEBUG,Importing GbrImagePlugin,PIL.Image,14797582336
2025-02-11 22:28:12,024,DEBUG,Importing GbrImagePlugin,PIL.Image,14797582336
2025-02-11 22:28:12,025,DEBUG,Importing GifImagePlugin,PIL.Image,14797582336
2025-02-11 22:28:12,025,DEBUG,Importing GifImagePlugin,PIL.Image,14797582336
2025-02-11 22:28:12,025,DEBUG,Importing GribStubImagePlugin,PIL.Image,14797582336
2025-02-11 22:28:12,025,DEBUG,Importing GribStubImagePlugin,PIL.Image,14797582336
2025-02-11 22:28:12,026,DEBUG,Importing Hdf5StubImagePlugin,PIL.Image,14797582336
2025-02-11 22:28:12,026,DEBUG,Importing Hdf5StubImagePlugin,PIL.Image,14797582336
2025-02-11 22:28:12,026,DEBUG,Importing IcnsImagePlugin,PIL.Image,14797582336
2025-02-11 22:28:12,026,DEBUG,Importing IcnsImagePlugin,PIL.Image,14797582336
2025-02-11 22:28:12,027,DEBUG,Importing IcoImagePlugin,PIL.Image,14797582336
2025-02-11 22:28:12,027,DEBUG,Importing IcoImagePlugin,PIL.Image,14797582336
2025-02-11 22:28:12,028,DEBUG,Importing ImImagePlugin,PIL.Image,14797582336
2025-02-11 22:28:12,028,DEBUG,Importing ImImagePlugin,PIL.Image,14797582336
2025-02-11 22:28:12,028,DEBUG,Importing ImtImagePlugin,PIL.Image,14797582336
2025-02-11 22:28:12,028,DEBUG,Importing ImtImagePlugin,PIL.Image,14797582336
2025-02-11 22:28:12,031,DEBUG,Importing IptcImagePlugin,PIL.Image,14797582336
2025-02-11 22:28:12,031,DEBUG,Importing IptcImagePlugin,PIL.Image,14797582336
2025-02-11 22:28:12,035,DEBUG,Importing JpegImagePlugin,PIL.Image,14797582336
2025-02-11 22:28:12,035,DEBUG,Importing JpegImagePlugin,PIL.Image,14797582336
2025-02-11 22:28:12,035,DEBUG,Importing Jpeg2KImagePlugin,PIL.Image,14797582336
2025-02-11 22:28:12,035,DEBUG,Importing Jpeg2KImagePlugin,PIL.Image,14797582336
2025-02-11 22:28:12,035,DEBUG,Importing McIdasImagePlugin,PIL.Image,14797582336
2025-02-11 22:28:12,035,DEBUG,Importing McIdasImagePlugin,PIL.Image,14797582336
2025-02-11 22:28:12,036,DEBUG,Importing MicImagePlugin,PIL.Image,14797582336
2025-02-11 22:28:12,036,DEBUG,Importing MicImagePlugin,PIL.Image,14797582336
2025-02-11 22:28:12,036,DEBUG,Image: failed to import MicImagePlugin: No module named 'olefile',PIL.Image,14797582336
2025-02-11 22:28:12,036,DEBUG,Image: failed to import MicImagePlugin: No module named 'olefile',PIL.Image,14797582336
2025-02-11 22:28:12,036,DEBUG,Importing MpegImagePlugin,PIL.Image,14797582336
2025-02-11 22:28:12,036,DEBUG,Importing MpegImagePlugin,PIL.Image,14797582336
2025-02-11 22:28:12,036,DEBUG,Importing MpoImagePlugin,PIL.Image,14797582336
2025-02-11 22:28:12,036,DEBUG,Importing MpoImagePlugin,PIL.Image,14797582336
2025-02-11 22:28:12,037,DEBUG,Importing MspImagePlugin,PIL.Image,14797582336
2025-02-11 22:28:12,037,DEBUG,Importing MspImagePlugin,PIL.Image,14797582336
2025-02-11 22:28:12,038,DEBUG,Importing PalmImagePlugin,PIL.Image,14797582336
2025-02-11 22:28:12,038,DEBUG,Importing PalmImagePlugin,PIL.Image,14797582336
2025-02-11 22:28:12,039,DEBUG,Importing PcdImagePlugin,PIL.Image,14797582336
2025-02-11 22:28:12,039,DEBUG,Importing PcdImagePlugin,PIL.Image,14797582336
2025-02-11 22:28:12,041,DEBUG,Importing PcxImagePlugin,PIL.Image,14797582336
2025-02-11 22:28:12,041,DEBUG,Importing PcxImagePlugin,PIL.Image,14797582336
2025-02-11 22:28:12,041,DEBUG,Importing PdfImagePlugin,PIL.Image,14797582336
2025-02-11 22:28:12,041,DEBUG,Importing PdfImagePlugin,PIL.Image,14797582336
2025-02-11 22:28:12,046,DEBUG,Importing BlpImagePlugin,PIL.Image,14780755968
2025-02-11 22:28:12,046,DEBUG,Importing BlpImagePlugin,PIL.Image,14780755968
2025-02-11 22:28:12,047,DEBUG,Importing BmpImagePlugin,PIL.Image,14780755968
2025-02-11 22:28:12,047,DEBUG,Importing BmpImagePlugin,PIL.Image,14780755968
2025-02-11 22:28:12,047,DEBUG,Importing PixarImagePlugin,PIL.Image,14797582336
2025-02-11 22:28:12,047,DEBUG,Importing PixarImagePlugin,PIL.Image,14797582336
2025-02-11 22:28:12,047,DEBUG,Importing BufrStubImagePlugin,PIL.Image,14780755968
2025-02-11 22:28:12,047,DEBUG,Importing BufrStubImagePlugin,PIL.Image,14780755968
2025-02-11 22:28:12,047,DEBUG,Importing CurImagePlugin,PIL.Image,14780755968
2025-02-11 22:28:12,047,DEBUG,Importing CurImagePlugin,PIL.Image,14780755968
2025-02-11 22:28:12,047,DEBUG,Importing DcxImagePlugin,PIL.Image,14780755968
2025-02-11 22:28:12,047,DEBUG,Importing DcxImagePlugin,PIL.Image,14780755968
2025-02-11 22:28:12,048,DEBUG,Importing DdsImagePlugin,PIL.Image,14780755968
2025-02-11 22:28:12,048,DEBUG,Importing DdsImagePlugin,PIL.Image,14780755968
2025-02-11 22:28:12,048,DEBUG,Importing EpsImagePlugin,PIL.Image,14780755968
2025-02-11 22:28:12,048,DEBUG,Importing EpsImagePlugin,PIL.Image,14780755968
2025-02-11 22:28:12,048,DEBUG,Importing FitsImagePlugin,PIL.Image,14780755968
2025-02-11 22:28:12,048,DEBUG,Importing FitsImagePlugin,PIL.Image,14780755968
2025-02-11 22:28:12,048,DEBUG,Importing FliImagePlugin,PIL.Image,14780755968
2025-02-11 22:28:12,048,DEBUG,Importing FliImagePlugin,PIL.Image,14780755968
2025-02-11 22:28:12,048,DEBUG,Importing FpxImagePlugin,PIL.Image,14780755968
2025-02-11 22:28:12,048,DEBUG,Importing FpxImagePlugin,PIL.Image,14780755968
2025-02-11 22:28:12,048,DEBUG,Image: failed to import FpxImagePlugin: No module named 'olefile',PIL.Image,14780755968
2025-02-11 22:28:12,048,DEBUG,Image: failed to import FpxImagePlugin: No module named 'olefile',PIL.Image,14780755968
2025-02-11 22:28:12,049,DEBUG,Importing FtexImagePlugin,PIL.Image,14780755968
2025-02-11 22:28:12,049,DEBUG,Importing FtexImagePlugin,PIL.Image,14780755968
2025-02-11 22:28:12,049,DEBUG,Importing GbrImagePlugin,PIL.Image,14780755968
2025-02-11 22:28:12,049,DEBUG,Importing GbrImagePlugin,PIL.Image,14780755968
2025-02-11 22:28:12,049,DEBUG,Importing GifImagePlugin,PIL.Image,14780755968
2025-02-11 22:28:12,049,DEBUG,Importing GifImagePlugin,PIL.Image,14780755968
2025-02-11 22:28:12,049,DEBUG,Importing GribStubImagePlugin,PIL.Image,14780755968
2025-02-11 22:28:12,049,DEBUG,Importing GribStubImagePlugin,PIL.Image,14780755968
2025-02-11 22:28:12,049,DEBUG,Importing Hdf5StubImagePlugin,PIL.Image,14780755968
2025-02-11 22:28:12,049,DEBUG,Importing Hdf5StubImagePlugin,PIL.Image,14780755968
2025-02-11 22:28:12,049,DEBUG,Importing IcnsImagePlugin,PIL.Image,14780755968
2025-02-11 22:28:12,049,DEBUG,Importing IcnsImagePlugin,PIL.Image,14780755968
2025-02-11 22:28:12,049,DEBUG,Importing IcoImagePlugin,PIL.Image,14780755968
2025-02-11 22:28:12,049,DEBUG,Importing IcoImagePlugin,PIL.Image,14780755968
2025-02-11 22:28:12,049,DEBUG,Importing ImImagePlugin,PIL.Image,14780755968
2025-02-11 22:28:12,049,DEBUG,Importing ImImagePlugin,PIL.Image,14780755968
2025-02-11 22:28:12,049,DEBUG,Importing ImtImagePlugin,PIL.Image,14780755968
2025-02-11 22:28:12,049,DEBUG,Importing ImtImagePlugin,PIL.Image,14780755968
2025-02-11 22:28:12,049,DEBUG,Importing IptcImagePlugin,PIL.Image,14780755968
2025-02-11 22:28:12,049,DEBUG,Importing IptcImagePlugin,PIL.Image,14780755968
2025-02-11 22:28:12,049,DEBUG,Importing JpegImagePlugin,PIL.Image,14780755968
2025-02-11 22:28:12,049,DEBUG,Importing JpegImagePlugin,PIL.Image,14780755968
2025-02-11 22:28:12,049,DEBUG,Importing Jpeg2KImagePlugin,PIL.Image,14780755968
2025-02-11 22:28:12,049,DEBUG,Importing Jpeg2KImagePlugin,PIL.Image,14780755968
2025-02-11 22:28:12,049,DEBUG,Importing McIdasImagePlugin,PIL.Image,14780755968
2025-02-11 22:28:12,049,DEBUG,Importing McIdasImagePlugin,PIL.Image,14780755968
2025-02-11 22:28:12,049,DEBUG,Importing MicImagePlugin,PIL.Image,14780755968
2025-02-11 22:28:12,049,DEBUG,Importing MicImagePlugin,PIL.Image,14780755968
2025-02-11 22:28:12,050,DEBUG,Importing PngImagePlugin,PIL.Image,14797582336
2025-02-11 22:28:12,050,DEBUG,Importing PngImagePlugin,PIL.Image,14797582336
2025-02-11 22:28:12,050,DEBUG,Importing PpmImagePlugin,PIL.Image,14797582336
2025-02-11 22:28:12,050,DEBUG,Importing PpmImagePlugin,PIL.Image,14797582336
2025-02-11 22:28:12,050,DEBUG,Importing PsdImagePlugin,PIL.Image,14797582336
2025-02-11 22:28:12,050,DEBUG,Importing PsdImagePlugin,PIL.Image,14797582336
2025-02-11 22:28:12,050,DEBUG,Importing QoiImagePlugin,PIL.Image,14797582336
2025-02-11 22:28:12,050,DEBUG,Importing QoiImagePlugin,PIL.Image,14797582336
2025-02-11 22:28:12,051,DEBUG,Importing SgiImagePlugin,PIL.Image,14797582336
2025-02-11 22:28:12,051,DEBUG,Importing SgiImagePlugin,PIL.Image,14797582336
2025-02-11 22:28:12,051,DEBUG,Importing SpiderImagePlugin,PIL.Image,14797582336
2025-02-11 22:28:12,051,DEBUG,Importing SpiderImagePlugin,PIL.Image,14797582336
2025-02-11 22:28:12,052,DEBUG,Importing SunImagePlugin,PIL.Image,14797582336
2025-02-11 22:28:12,052,DEBUG,Importing SunImagePlugin,PIL.Image,14797582336
2025-02-11 22:28:12,052,DEBUG,Image: failed to import MicImagePlugin: No module named 'olefile',PIL.Image,14780755968
2025-02-11 22:28:12,052,DEBUG,Image: failed to import MicImagePlugin: No module named 'olefile',PIL.Image,14780755968
2025-02-11 22:28:12,052,DEBUG,Importing MpegImagePlugin,PIL.Image,14780755968
2025-02-11 22:28:12,052,DEBUG,Importing MpegImagePlugin,PIL.Image,14780755968
2025-02-11 22:28:12,052,DEBUG,Importing MpoImagePlugin,PIL.Image,14780755968
2025-02-11 22:28:12,052,DEBUG,Importing MpoImagePlugin,PIL.Image,14780755968
2025-02-11 22:28:12,052,DEBUG,Importing MspImagePlugin,PIL.Image,14780755968
2025-02-11 22:28:12,052,DEBUG,Importing MspImagePlugin,PIL.Image,14780755968
2025-02-11 22:28:12,052,DEBUG,Importing PalmImagePlugin,PIL.Image,14780755968
2025-02-11 22:28:12,052,DEBUG,Importing PalmImagePlugin,PIL.Image,14780755968
2025-02-11 22:28:12,052,DEBUG,Importing PcdImagePlugin,PIL.Image,14780755968
2025-02-11 22:28:12,052,DEBUG,Importing PcdImagePlugin,PIL.Image,14780755968
2025-02-11 22:28:12,052,DEBUG,Importing PcxImagePlugin,PIL.Image,14780755968
2025-02-11 22:28:12,052,DEBUG,Importing PcxImagePlugin,PIL.Image,14780755968
2025-02-11 22:28:12,052,DEBUG,Importing PdfImagePlugin,PIL.Image,14780755968
2025-02-11 22:28:12,052,DEBUG,Importing PdfImagePlugin,PIL.Image,14780755968
2025-02-11 22:28:12,052,DEBUG,Importing PixarImagePlugin,PIL.Image,14780755968
2025-02-11 22:28:12,052,DEBUG,Importing PixarImagePlugin,PIL.Image,14780755968
2025-02-11 22:28:12,052,DEBUG,Importing PngImagePlugin,PIL.Image,14780755968
2025-02-11 22:28:12,052,DEBUG,Importing PngImagePlugin,PIL.Image,14780755968
2025-02-11 22:28:12,052,DEBUG,Importing PpmImagePlugin,PIL.Image,14780755968
2025-02-11 22:28:12,052,DEBUG,Importing PpmImagePlugin,PIL.Image,14780755968
2025-02-11 22:28:12,052,DEBUG,Importing PsdImagePlugin,PIL.Image,14780755968
2025-02-11 22:28:12,052,DEBUG,Importing PsdImagePlugin,PIL.Image,14780755968
2025-02-11 22:28:12,052,DEBUG,Importing QoiImagePlugin,PIL.Image,14780755968
2025-02-11 22:28:12,052,DEBUG,Importing QoiImagePlugin,PIL.Image,14780755968
2025-02-11 22:28:12,053,DEBUG,Importing TgaImagePlugin,PIL.Image,14797582336
2025-02-11 22:28:12,053,DEBUG,Importing TgaImagePlugin,PIL.Image,14797582336
2025-02-11 22:28:12,053,DEBUG,Importing SgiImagePlugin,PIL.Image,14780755968
2025-02-11 22:28:12,053,DEBUG,Importing SgiImagePlugin,PIL.Image,14780755968
2025-02-11 22:28:12,053,DEBUG,Importing SpiderImagePlugin,PIL.Image,14780755968
2025-02-11 22:28:12,053,DEBUG,Importing SpiderImagePlugin,PIL.Image,14780755968
2025-02-11 22:28:12,053,DEBUG,Importing SunImagePlugin,PIL.Image,14780755968
2025-02-11 22:28:12,053,DEBUG,Importing SunImagePlugin,PIL.Image,14780755968
2025-02-11 22:28:12,053,DEBUG,Importing TgaImagePlugin,PIL.Image,14780755968
2025-02-11 22:28:12,053,DEBUG,Importing TgaImagePlugin,PIL.Image,14780755968
2025-02-11 22:28:12,053,DEBUG,Importing TiffImagePlugin,PIL.Image,14797582336
2025-02-11 22:28:12,053,DEBUG,Importing TiffImagePlugin,PIL.Image,14797582336
2025-02-11 22:28:12,053,DEBUG,Importing TiffImagePlugin,PIL.Image,14780755968
2025-02-11 22:28:12,056,DEBUG,Importing WebPImagePlugin,PIL.Image,14797582336
2025-02-11 22:28:12,053,DEBUG,Importing TiffImagePlugin,PIL.Image,14780755968
2025-02-11 22:28:12,056,DEBUG,Importing WebPImagePlugin,PIL.Image,14780755968
2025-02-11 22:28:12,056,DEBUG,Importing WebPImagePlugin,PIL.Image,14797582336
2025-02-11 22:28:12,056,DEBUG,Importing WebPImagePlugin,PIL.Image,14780755968
2025-02-11 22:28:12,063,DEBUG,Importing WmfImagePlugin,PIL.Image,14797582336
2025-02-11 22:28:12,063,DEBUG,Importing WmfImagePlugin,PIL.Image,14797582336
2025-02-11 22:28:12,063,DEBUG,Importing WmfImagePlugin,PIL.Image,14780755968
2025-02-11 22:28:12,063,DEBUG,Importing WmfImagePlugin,PIL.Image,14780755968
2025-02-11 22:28:12,065,DEBUG,Importing XbmImagePlugin,PIL.Image,14797582336
2025-02-11 22:28:12,065,DEBUG,Importing XbmImagePlugin,PIL.Image,14797582336
2025-02-11 22:28:12,065,DEBUG,Importing XbmImagePlugin,PIL.Image,14780755968
2025-02-11 22:28:12,065,DEBUG,Importing XbmImagePlugin,PIL.Image,14780755968
2025-02-11 22:28:12,066,DEBUG,Importing XpmImagePlugin,PIL.Image,14797582336
2025-02-11 22:28:12,066,DEBUG,Importing XpmImagePlugin,PIL.Image,14797582336
2025-02-11 22:28:12,066,DEBUG,Importing XpmImagePlugin,PIL.Image,14780755968
2025-02-11 22:28:12,066,DEBUG,Importing XpmImagePlugin,PIL.Image,14780755968
2025-02-11 22:28:12,067,DEBUG,Importing XVThumbImagePlugin,PIL.Image,14797582336
2025-02-11 22:28:12,067,DEBUG,Importing XVThumbImagePlugin,PIL.Image,14797582336
2025-02-11 22:28:12,067,DEBUG,Importing XVThumbImagePlugin,PIL.Image,14780755968
2025-02-11 22:28:12,067,DEBUG,Importing XVThumbImagePlugin,PIL.Image,14780755968
2025-02-11 22:28:44,530,DEBUG,z position of the microscope: 1425000.0,holypipette.interface.patch.AutoPatchInterface,14267674624
2025-02-11 22:28:44,530,DEBUG,z position of the microscope: 1425000.0,holypipette.interface.patch.AutoPatchInterface,14267674624
2025-02-11 22:28:54,697,INFO,closing GUI,root,8363511616
2025-02-11 22:28:54,697,INFO,closing GUI,root,8363511616
2025-02-11 22:28:57,056,INFO,Closing file: experiments/Data/rig_recorder_data/2025_02_11-22_27/graph_recording.csv,root,8363511616
2025-02-11 22:28:57,056,INFO,Closing file: experiments/Data/rig_recorder_data/2025_02_11-22_27/graph_recording.csv,root,8363511616
2025-02-11 22:28:57,057,ERROR,Uncaught exception,root,"8363511616
Traceback (most recent call last):
  File ""/Users/kadenstillwagon/holypipette-pbl/holypipette-pbl/holypipette/gui/graph.py""", line 448," in closeEvent
    self.recorder.close()
  File ""/Users/kadenstillwagon/holypipette-pbl/holypipette-pbl/holypipette/utils/FileLogger.py""", line 171," in close
    self.write_frame.wait()
    ^^^^^^^^^^^^^^^^^^^^^
AttributeError: 'NoneType' object has no attribute 'wait'"
2025-02-11 22:28:57,057,ERROR,Uncaught exception,root,"8363511616
Traceback (most recent call last):
  File ""/Users/kadenstillwagon/holypipette-pbl/holypipette-pbl/holypipette/gui/graph.py""", line 448," in closeEvent
    self.recorder.close()
  File ""/Users/kadenstillwagon/holypipette-pbl/holypipette-pbl/holypipette/utils/FileLogger.py""", line 171," in close
    self.write_frame.wait()
    ^^^^^^^^^^^^^^^^^^^^^
AttributeError: 'NoneType' object has no attribute 'wait'"
